batch_code,product_code,quantity,purchase_date,expiry_date,purchase_cost,status
B-BRS01-0001,BRS01,25,2025-08-07,2026-02-03,1550000.0,ACTIVE
B-BRS02-0002,BRS02,35,2025-08-07,2026-02-03,1890000.0,ACTIVE
B-GLA01-0003,GLA01,47,2025-08-07,,658000.0,ACTIVE
B-MYK01-0004,MYK01,43,2025-08-07,2026-08-07,709500.0,ACTIVE
B-MYK02-0005,MYK02,45,2025-08-07,2026-08-07,607500.0,ACTIVE
B-TLR01-0006,TLR01,32,2025-08-07,2025-08-21,832000.0,ACTIVE
B-TPG01-0007,TPG01,20,2025-08-07,2026-08-07,210000.0,ACTIVE
B-MIE01-0008,MIE01,197,2025-08-07,2026-04-04,512200.0,ACTIVE
B-MIE02-0009,MIE02,97,2025-08-07,2026-04-04,242500.0,ACTIVE
B-MIE03-0010,MIE03,110,2025-08-07,2026-04-04,275000.0,ACTIVE
B-MNM01-0011,MNM01,153,2025-08-07,2026-08-07,459000.0,ACTIVE
B-MNM02-0012,MNM02,60,2025-08-07,2026-02-03,186000.0,ACTIVE
B-MNM03-0013,MNM03,99,2025-08-07,2026-08-07,118800.0,ACTIVE
B-MNM04-0014,MNM04,57,2025-08-07,2026-08-07,171000.0,ACTIVE
B-RKK01-0015,RKK01,78,2025-08-07,,2457000.0,ACTIVE
B-RKK02-0016,RKK02,79,2025-08-07,,1817000.0,ACTIVE
B-SNK01-0017,SNK01,36,2025-08-07,2025-12-05,244800.0,ACTIVE
B-SNK02-0018,SNK02,16,2025-08-07,2026-02-03,120000.0,ACTIVE
B-SNK03-0019,SNK03,23,2025-08-07,2026-02-03,119600.0,ACTIVE
B-BMB01-0020,BMB01,33,2025-08-07,2026-08-07,148500.0,ACTIVE
B-KRT01-0021,KRT01,18,2025-08-07,,297000.0,ACTIVE
B-KRT02-0022,KRT02,30,2025-08-07,,360000.0,ACTIVE
B-ROTI01-0023,ROTI01,27,2025-08-07,2025-08-12,351000.0,ACTIVE
B-ROTI02-0024,ROTI02,48,2025-08-07,2025-09-06,264000.0,ACTIVE
B-GAS01-0025,GAS01,16,2025-08-07,,296000.0,ACTIVE
B-BRS01-0026,BRS01,28,2025-08-14,2026-02-10,1736000.0,ACTIVE
B-BRS02-0027,BRS02,30,2025-08-14,2026-02-10,1620000.0,ACTIVE
B-GLA01-0028,GLA01,49,2025-08-14,,686000.0,ACTIVE
B-MYK01-0029,MYK01,37,2025-08-14,2026-08-14,610500.0,ACTIVE
B-MYK02-0030,MYK02,38,2025-08-14,2026-08-14,513000.0,ACTIVE
B-TLR01-0031,TLR01,35,2025-08-14,2025-08-28,910000.0,ACTIVE
B-TPG01-0032,TPG01,24,2025-08-14,2026-08-14,252000.0,ACTIVE
B-MIE01-0033,MIE01,203,2025-08-14,2026-04-11,527800.0,ACTIVE
B-MIE02-0034,MIE02,93,2025-08-14,2026-04-11,232500.0,ACTIVE
B-MIE03-0035,MIE03,65,2025-08-14,2026-04-11,162500.0,ACTIVE
B-MNM01-0036,MNM01,115,2025-08-14,2026-08-14,345000.0,ACTIVE
B-MNM02-0037,MNM02,74,2025-08-14,2026-02-10,229400.0,ACTIVE
B-MNM03-0038,MNM03,103,2025-08-14,2026-08-14,123600.0,ACTIVE
B-MNM04-0039,MNM04,72,2025-08-14,2026-08-14,216000.0,ACTIVE
B-RKK01-0040,RKK01,101,2025-08-14,,3181500.0,ACTIVE
B-RKK02-0041,RKK02,66,2025-08-14,,1518000.0,ACTIVE
B-SNK01-0042,SNK01,31,2025-08-14,2025-12-12,210800.0,ACTIVE
B-SNK02-0043,SNK02,22,2025-08-14,2026-02-10,165000.0,ACTIVE
B-SNK03-0044,SNK03,28,2025-08-14,2026-02-10,145600.0,ACTIVE
B-BMB01-0045,BMB01,39,2025-08-14,2026-08-14,175500.0,ACTIVE
B-KRT01-0046,KRT01,25,2025-08-14,,412500.0,ACTIVE
B-KRT02-0047,KRT02,30,2025-08-14,,360000.0,ACTIVE
B-ROTI01-0048,ROTI01,16,2025-08-14,2025-08-19,208000.0,ACTIVE
B-ROTI02-0049,ROTI02,37,2025-08-14,2025-09-13,203500.0,ACTIVE
B-GAS01-0050,GAS01,12,2025-08-14,,222000.0,ACTIVE
B-BRS01-0051,BRS01,24,2025-08-21,2026-02-17,1488000.0,ACTIVE
B-BRS02-0052,BRS02,32,2025-08-21,2026-02-17,1728000.0,ACTIVE
B-GLA01-0053,GLA01,54,2025-08-21,,756000.0,ACTIVE
B-MYK01-0054,MYK01,32,2025-08-21,2026-08-21,528000.0,ACTIVE
B-MYK02-0055,MYK02,54,2025-08-21,2026-08-21,729000.0,ACTIVE
B-TLR01-0056,TLR01,24,2025-08-21,2025-09-04,624000.0,ACTIVE
B-TPG01-0057,TPG01,25,2025-08-21,2026-08-21,262500.0,ACTIVE
B-MIE01-0058,MIE01,130,2025-08-21,2026-04-18,338000.0,ACTIVE
B-MIE02-0059,MIE02,121,2025-08-21,2026-04-18,302500.0,ACTIVE
B-MIE03-0060,MIE03,87,2025-08-21,2026-04-18,217500.0,ACTIVE
B-MNM01-0061,MNM01,158,2025-08-21,2026-08-21,474000.0,ACTIVE
B-MNM02-0062,MNM02,93,2025-08-21,2026-02-17,288300.0,ACTIVE
B-MNM03-0063,MNM03,80,2025-08-21,2026-08-21,96000.0,ACTIVE
B-MNM04-0064,MNM04,64,2025-08-21,2026-08-21,192000.0,ACTIVE
B-RKK01-0065,RKK01,107,2025-08-21,,3370500.0,ACTIVE
B-RKK02-0066,RKK02,52,2025-08-21,,1196000.0,ACTIVE
B-SNK01-0067,SNK01,32,2025-08-21,2025-12-19,217600.0,ACTIVE
B-SNK02-0068,SNK02,17,2025-08-21,2026-02-17,127500.0,ACTIVE
B-SNK03-0069,SNK03,31,2025-08-21,2026-02-17,161200.0,ACTIVE
B-BMB01-0070,BMB01,51,2025-08-21,2026-08-21,229500.0,ACTIVE
B-KRT01-0071,KRT01,25,2025-08-21,,412500.0,ACTIVE
B-KRT02-0072,KRT02,24,2025-08-21,,288000.0,ACTIVE
B-ROTI01-0073,ROTI01,26,2025-08-21,2025-08-26,338000.0,ACTIVE
B-ROTI02-0074,ROTI02,29,2025-08-21,2025-09-20,159500.0,ACTIVE
B-GAS01-0075,GAS01,15,2025-08-21,,277500.0,ACTIVE
B-BRS01-0076,BRS01,21,2025-08-28,2026-02-24,1302000.0,ACTIVE
B-BRS02-0077,BRS02,48,2025-08-28,2026-02-24,2592000.0,ACTIVE
B-GLA01-0078,GLA01,54,2025-08-28,,756000.0,ACTIVE
B-MYK01-0079,MYK01,53,2025-08-28,2026-08-28,874500.0,ACTIVE
B-MYK02-0080,MYK02,51,2025-08-28,2026-08-28,688500.0,ACTIVE
B-TLR01-0081,TLR01,30,2025-08-28,2025-09-11,780000.0,ACTIVE
B-TPG01-0082,TPG01,18,2025-08-28,2026-08-28,189000.0,ACTIVE
B-MIE01-0083,MIE01,201,2025-08-28,2026-04-25,522600.0,ACTIVE
B-MIE02-0084,MIE02,122,2025-08-28,2026-04-25,305000.0,ACTIVE
B-MIE03-0085,MIE03,78,2025-08-28,2026-04-25,195000.0,ACTIVE
B-MNM01-0086,MNM01,146,2025-08-28,2026-08-28,438000.0,ACTIVE
B-MNM02-0087,MNM02,62,2025-08-28,2026-02-24,192200.0,ACTIVE
B-MNM03-0088,MNM03,126,2025-08-28,2026-08-28,151200.0,ACTIVE
B-MNM04-0089,MNM04,63,2025-08-28,2026-08-28,189000.0,ACTIVE
B-RKK01-0090,RKK01,86,2025-08-28,,2709000.0,ACTIVE
B-RKK02-0091,RKK02,51,2025-08-28,,1173000.0,ACTIVE
B-SNK01-0092,SNK01,32,2025-08-28,2025-12-26,217600.0,ACTIVE
B-SNK02-0093,SNK02,23,2025-08-28,2026-02-24,172500.0,ACTIVE
B-SNK03-0094,SNK03,27,2025-08-28,2026-02-24,140400.0,ACTIVE
B-BMB01-0095,BMB01,32,2025-08-28,2026-08-28,144000.0,ACTIVE
B-KRT01-0096,KRT01,26,2025-08-28,,429000.0,ACTIVE
B-KRT02-0097,KRT02,32,2025-08-28,,384000.0,ACTIVE
B-ROTI01-0098,ROTI01,25,2025-08-28,2025-09-02,325000.0,ACTIVE
B-ROTI02-0099,ROTI02,47,2025-08-28,2025-09-27,258500.0,ACTIVE
B-GAS01-0100,GAS01,19,2025-08-28,,351500.0,ACTIVE
B-BRS01-0101,BRS01,28,2025-09-07,2026-03-06,1736000.0,ACTIVE
B-BRS02-0102,BRS02,34,2025-09-07,2026-03-06,1836000.0,ACTIVE
B-GLA01-0103,GLA01,55,2025-09-07,,770000.0,ACTIVE
B-MYK01-0104,MYK01,47,2025-09-07,2026-09-07,775500.0,ACTIVE
B-MYK02-0105,MYK02,55,2025-09-07,2026-09-07,742500.0,ACTIVE
B-TLR01-0106,TLR01,30,2025-09-07,2025-09-21,780000.0,ACTIVE
B-TPG01-0107,TPG01,17,2025-09-07,2026-09-07,178500.0,ACTIVE
B-MIE01-0108,MIE01,162,2025-09-07,2026-05-05,421200.0,ACTIVE
B-MIE02-0109,MIE02,89,2025-09-07,2026-05-05,222500.0,ACTIVE
B-MIE03-0110,MIE03,86,2025-09-07,2026-05-05,215000.0,ACTIVE
B-MNM01-0111,MNM01,113,2025-09-07,2026-09-07,339000.0,ACTIVE
B-MNM02-0112,MNM02,87,2025-09-07,2026-03-06,269700.0,ACTIVE
B-MNM03-0113,MNM03,99,2025-09-07,2026-09-07,118800.0,ACTIVE
B-MNM04-0114,MNM04,74,2025-09-07,2026-09-07,222000.0,ACTIVE
B-RKK01-0115,RKK01,101,2025-09-07,,3181500.0,ACTIVE
B-RKK02-0116,RKK02,76,2025-09-07,,1748000.0,ACTIVE
B-SNK01-0117,SNK01,37,2025-09-07,2026-01-05,251600.0,ACTIVE
B-SNK02-0118,SNK02,26,2025-09-07,2026-03-06,195000.0,ACTIVE
B-SNK03-0119,SNK03,24,2025-09-07,2026-03-06,124800.0,ACTIVE
B-BMB01-0120,BMB01,43,2025-09-07,2026-09-07,193500.0,ACTIVE
B-KRT01-0121,KRT01,25,2025-09-07,,412500.0,ACTIVE
B-KRT02-0122,KRT02,29,2025-09-07,,348000.0,ACTIVE
B-ROTI01-0123,ROTI01,26,2025-09-07,2025-09-12,338000.0,ACTIVE
B-ROTI02-0124,ROTI02,30,2025-09-07,2025-10-07,165000.0,ACTIVE
B-GAS01-0125,GAS01,12,2025-09-07,,222000.0,ACTIVE
B-BRS01-0126,BRS01,28,2025-09-14,2026-03-13,1736000.0,ACTIVE
B-BRS02-0127,BRS02,30,2025-09-14,2026-03-13,1620000.0,ACTIVE
B-GLA01-0128,GLA01,40,2025-09-14,,560000.0,ACTIVE
B-MYK01-0129,MYK01,34,2025-09-14,2026-09-14,561000.0,ACTIVE
B-MYK02-0130,MYK02,40,2025-09-14,2026-09-14,540000.0,ACTIVE
B-TLR01-0131,TLR01,26,2025-09-14,2025-09-28,676000.0,ACTIVE
B-TPG01-0132,TPG01,16,2025-09-14,2026-09-14,168000.0,ACTIVE
B-MIE01-0133,MIE01,120,2025-09-14,2026-05-12,312000.0,ACTIVE
B-MIE02-0134,MIE02,108,2025-09-14,2026-05-12,270000.0,ACTIVE
B-MIE03-0135,MIE03,64,2025-09-14,2026-05-12,160000.0,ACTIVE
B-MNM01-0136,MNM01,123,2025-09-14,2026-09-14,369000.0,ACTIVE
B-MNM02-0137,MNM02,95,2025-09-14,2026-03-13,294500.0,ACTIVE
B-MNM03-0138,MNM03,128,2025-09-14,2026-09-14,153600.0,ACTIVE
B-MNM04-0139,MNM04,55,2025-09-14,2026-09-14,165000.0,ACTIVE
B-RKK01-0140,RKK01,98,2025-09-14,,3087000.0,ACTIVE
B-RKK02-0141,RKK02,57,2025-09-14,,1311000.0,ACTIVE
B-SNK01-0142,SNK01,30,2025-09-14,2026-01-12,204000.0,ACTIVE
B-SNK02-0143,SNK02,23,2025-09-14,2026-03-13,172500.0,ACTIVE
B-SNK03-0144,SNK03,31,2025-09-14,2026-03-13,161200.0,ACTIVE
B-BMB01-0145,BMB01,43,2025-09-14,2026-09-14,193500.0,ACTIVE
B-KRT01-0146,KRT01,27,2025-09-14,,445500.0,ACTIVE
B-KRT02-0147,KRT02,24,2025-09-14,,288000.0,ACTIVE
B-ROTI01-0148,ROTI01,26,2025-09-14,2025-09-19,338000.0,ACTIVE
B-ROTI02-0149,ROTI02,43,2025-09-14,2025-10-14,236500.0,ACTIVE
B-GAS01-0150,GAS01,16,2025-09-14,,296000.0,ACTIVE
B-BRS01-0151,BRS01,23,2025-09-21,2026-03-20,1426000.0,ACTIVE
B-BRS02-0152,BRS02,47,2025-09-21,2026-03-20,2538000.0,ACTIVE
B-GLA01-0153,GLA01,55,2025-09-21,,770000.0,ACTIVE
B-MYK01-0154,MYK01,52,2025-09-21,2026-09-21,858000.0,ACTIVE
B-MYK02-0155,MYK02,45,2025-09-21,2026-09-21,607500.0,ACTIVE
B-TLR01-0156,TLR01,28,2025-09-21,2025-10-05,728000.0,ACTIVE
B-TPG01-0157,TPG01,21,2025-09-21,2026-09-21,220500.0,ACTIVE
B-MIE01-0158,MIE01,177,2025-09-21,2026-05-19,460200.0,ACTIVE
B-MIE02-0159,MIE02,110,2025-09-21,2026-05-19,275000.0,ACTIVE
B-MIE03-0160,MIE03,68,2025-09-21,2026-05-19,170000.0,ACTIVE
B-MNM01-0161,MNM01,116,2025-09-21,2026-09-21,348000.0,ACTIVE
B-MNM02-0162,MNM02,88,2025-09-21,2026-03-20,272800.0,ACTIVE
B-MNM03-0163,MNM03,113,2025-09-21,2026-09-21,135600.0,ACTIVE
B-MNM04-0164,MNM04,64,2025-09-21,2026-09-21,192000.0,ACTIVE
B-RKK01-0165,RKK01,66,2025-09-21,,2079000.0,ACTIVE
B-RKK02-0166,RKK02,73,2025-09-21,,1679000.0,ACTIVE
B-SNK01-0167,SNK01,35,2025-09-21,2026-01-19,238000.0,ACTIVE
B-SNK02-0168,SNK02,16,2025-09-21,2026-03-20,120000.0,ACTIVE
B-SNK03-0169,SNK03,32,2025-09-21,2026-03-20,166400.0,ACTIVE
B-BMB01-0170,BMB01,44,2025-09-21,2026-09-21,198000.0,ACTIVE
B-KRT01-0171,KRT01,24,2025-09-21,,396000.0,ACTIVE
B-KRT02-0172,KRT02,28,2025-09-21,,336000.0,ACTIVE
B-ROTI01-0173,ROTI01,16,2025-09-21,2025-09-26,208000.0,ACTIVE
B-ROTI02-0174,ROTI02,35,2025-09-21,2025-10-21,192500.0,ACTIVE
B-GAS01-0175,GAS01,17,2025-09-21,,314500.0,ACTIVE
B-BRS01-0176,BRS01,27,2025-09-28,2026-03-27,1674000.0,ACTIVE
B-BRS02-0177,BRS02,34,2025-09-28,2026-03-27,1836000.0,ACTIVE
B-GLA01-0178,GLA01,65,2025-09-28,,910000.0,ACTIVE
B-MYK01-0179,MYK01,46,2025-09-28,2026-09-28,759000.0,ACTIVE
B-MYK02-0180,MYK02,48,2025-09-28,2026-09-28,648000.0,ACTIVE
B-TLR01-0181,TLR01,37,2025-09-28,2025-10-12,962000.0,ACTIVE
B-TPG01-0182,TPG01,19,2025-09-28,2026-09-28,199500.0,ACTIVE
B-MIE01-0183,MIE01,181,2025-09-28,2026-05-26,470600.0,ACTIVE
B-MIE02-0184,MIE02,115,2025-09-28,2026-05-26,287500.0,ACTIVE
B-MIE03-0185,MIE03,88,2025-09-28,2026-05-26,220000.0,ACTIVE
B-MNM01-0186,MNM01,167,2025-09-28,2026-09-28,501000.0,ACTIVE
B-MNM02-0187,MNM02,64,2025-09-28,2026-03-27,198400.0,ACTIVE
B-MNM03-0188,MNM03,105,2025-09-28,2026-09-28,126000.0,ACTIVE
B-MNM04-0189,MNM04,61,2025-09-28,2026-09-28,183000.0,ACTIVE
B-RKK01-0190,RKK01,83,2025-09-28,,2614500.0,ACTIVE
B-RKK02-0191,RKK02,76,2025-09-28,,1748000.0,ACTIVE
B-SNK01-0192,SNK01,40,2025-09-28,2026-01-26,272000.0,ACTIVE
B-SNK02-0193,SNK02,27,2025-09-28,2026-03-27,202500.0,ACTIVE
B-SNK03-0194,SNK03,23,2025-09-28,2026-03-27,119600.0,ACTIVE
B-BMB01-0195,BMB01,44,2025-09-28,2026-09-28,198000.0,ACTIVE
B-KRT01-0196,KRT01,26,2025-09-28,,429000.0,ACTIVE
B-KRT02-0197,KRT02,21,2025-09-28,,252000.0,ACTIVE
B-ROTI01-0198,ROTI01,26,2025-09-28,2025-10-03,338000.0,ACTIVE
B-ROTI02-0199,ROTI02,46,2025-09-28,2025-10-28,253000.0,ACTIVE
B-GAS01-0200,GAS01,20,2025-09-28,,370000.0,ACTIVE
B-BRS01-0201,BRS01,20,2025-10-07,2026-04-05,1240000.0,ACTIVE
B-BRS02-0202,BRS02,32,2025-10-07,2026-04-05,1728000.0,ACTIVE
B-GLA01-0203,GLA01,42,2025-10-07,,588000.0,ACTIVE
B-MYK01-0204,MYK01,34,2025-10-07,2026-10-07,561000.0,ACTIVE
B-MYK02-0205,MYK02,46,2025-10-07,2026-10-07,621000.0,ACTIVE
B-TLR01-0206,TLR01,36,2025-10-07,2025-10-21,936000.0,ACTIVE
B-TPG01-0207,TPG01,21,2025-10-07,2026-10-07,220500.0,ACTIVE
B-MIE01-0208,MIE01,152,2025-10-07,2026-06-04,395200.0,ACTIVE
B-MIE02-0209,MIE02,98,2025-10-07,2026-06-04,245000.0,ACTIVE
B-MIE03-0210,MIE03,80,2025-10-07,2026-06-04,200000.0,ACTIVE
B-MNM01-0211,MNM01,105,2025-10-07,2026-10-07,315000.0,ACTIVE
B-MNM02-0212,MNM02,72,2025-10-07,2026-04-05,223200.0,ACTIVE
B-MNM03-0213,MNM03,126,2025-10-07,2026-10-07,151200.0,ACTIVE
B-MNM04-0214,MNM04,59,2025-10-07,2026-10-07,177000.0,ACTIVE
B-RKK01-0215,RKK01,86,2025-10-07,,2709000.0,ACTIVE
B-RKK02-0216,RKK02,71,2025-10-07,,1633000.0,ACTIVE
B-SNK01-0217,SNK01,29,2025-10-07,2026-02-04,197200.0,ACTIVE
B-SNK02-0218,SNK02,19,2025-10-07,2026-04-05,142500.0,ACTIVE
B-SNK03-0219,SNK03,27,2025-10-07,2026-04-05,140400.0,ACTIVE
B-BMB01-0220,BMB01,36,2025-10-07,2026-10-07,162000.0,ACTIVE
B-KRT01-0221,KRT01,18,2025-10-07,,297000.0,ACTIVE
B-KRT02-0222,KRT02,23,2025-10-07,,276000.0,ACTIVE
B-ROTI01-0223,ROTI01,26,2025-10-07,2025-10-12,338000.0,ACTIVE
B-ROTI02-0224,ROTI02,45,2025-10-07,2025-11-06,247500.0,ACTIVE
B-GAS01-0225,GAS01,18,2025-10-07,,333000.0,ACTIVE
B-BRS01-0226,BRS01,20,2025-10-14,2026-04-12,1240000.0,ACTIVE
B-BRS02-0227,BRS02,48,2025-10-14,2026-04-12,2592000.0,ACTIVE
B-GLA01-0228,GLA01,47,2025-10-14,,658000.0,ACTIVE
B-MYK01-0229,MYK01,37,2025-10-14,2026-10-14,610500.0,ACTIVE
B-MYK02-0230,MYK02,49,2025-10-14,2026-10-14,661500.0,ACTIVE
B-TLR01-0231,TLR01,33,2025-10-14,2025-10-28,858000.0,ACTIVE
B-TPG01-0232,TPG01,15,2025-10-14,2026-10-14,157500.0,ACTIVE
B-MIE01-0233,MIE01,167,2025-10-14,2026-06-11,434200.0,ACTIVE
B-MIE02-0234,MIE02,116,2025-10-14,2026-06-11,290000.0,ACTIVE
B-MIE03-0235,MIE03,81,2025-10-14,2026-06-11,202500.0,ACTIVE
B-MNM01-0236,MNM01,140,2025-10-14,2026-10-14,420000.0,ACTIVE
B-MNM02-0237,MNM02,71,2025-10-14,2026-04-12,220100.0,ACTIVE
B-MNM03-0238,MNM03,101,2025-10-14,2026-10-14,121200.0,ACTIVE
B-MNM04-0239,MNM04,49,2025-10-14,2026-10-14,147000.0,ACTIVE
B-RKK01-0240,RKK01,79,2025-10-14,,2488500.0,ACTIVE
B-RKK02-0241,RKK02,62,2025-10-14,,1426000.0,ACTIVE
B-SNK01-0242,SNK01,26,2025-10-14,2026-02-11,176800.0,ACTIVE
B-SNK02-0243,SNK02,25,2025-10-14,2026-04-12,187500.0,ACTIVE
B-SNK03-0244,SNK03,20,2025-10-14,2026-04-12,104000.0,ACTIVE
B-BMB01-0245,BMB01,35,2025-10-14,2026-10-14,157500.0,ACTIVE
B-KRT01-0246,KRT01,21,2025-10-14,,346500.0,ACTIVE
B-KRT02-0247,KRT02,22,2025-10-14,,264000.0,ACTIVE
B-ROTI01-0248,ROTI01,23,2025-10-14,2025-10-19,299000.0,ACTIVE
B-ROTI02-0249,ROTI02,45,2025-10-14,2025-11-13,247500.0,ACTIVE
B-GAS01-0250,GAS01,18,2025-10-14,,333000.0,ACTIVE
B-BRS01-0251,BRS01,27,2025-10-21,2026-04-19,1674000.0,ACTIVE
B-BRS02-0252,BRS02,46,2025-10-21,2026-04-19,2484000.0,ACTIVE
B-GLA01-0253,GLA01,42,2025-10-21,,588000.0,ACTIVE
B-MYK01-0254,MYK01,34,2025-10-21,2026-10-21,561000.0,ACTIVE
B-MYK02-0255,MYK02,41,2025-10-21,2026-10-21,553500.0,ACTIVE
B-TLR01-0256,TLR01,27,2025-10-21,2025-11-04,702000.0,ACTIVE
B-TPG01-0257,TPG01,19,2025-10-21,2026-10-21,199500.0,ACTIVE
B-MIE01-0258,MIE01,145,2025-10-21,2026-06-18,377000.0,ACTIVE
B-MIE02-0259,MIE02,119,2025-10-21,2026-06-18,297500.0,ACTIVE
B-MIE03-0260,MIE03,76,2025-10-21,2026-06-18,190000.0,ACTIVE
B-MNM01-0261,MNM01,114,2025-10-21,2026-10-21,342000.0,ACTIVE
B-MNM02-0262,MNM02,66,2025-10-21,2026-04-19,204600.0,ACTIVE
B-MNM03-0263,MNM03,117,2025-10-21,2026-10-21,140400.0,ACTIVE
B-MNM04-0264,MNM04,57,2025-10-21,2026-10-21,171000.0,ACTIVE
B-RKK01-0265,RKK01,73,2025-10-21,,2299500.0,ACTIVE
B-RKK02-0266,RKK02,54,2025-10-21,,1242000.0,ACTIVE
B-SNK01-0267,SNK01,41,2025-10-21,2026-02-18,278800.0,ACTIVE
B-SNK02-0268,SNK02,20,2025-10-21,2026-04-19,150000.0,ACTIVE
B-SNK03-0269,SNK03,26,2025-10-21,2026-04-19,135200.0,ACTIVE
B-BMB01-0270,BMB01,43,2025-10-21,2026-10-21,193500.0,ACTIVE
B-KRT01-0271,KRT01,20,2025-10-21,,330000.0,ACTIVE
B-KRT02-0272,KRT02,34,2025-10-21,,408000.0,ACTIVE
B-ROTI01-0273,ROTI01,25,2025-10-21,2025-10-26,325000.0,ACTIVE
B-ROTI02-0274,ROTI02,40,2025-10-21,2025-11-20,220000.0,ACTIVE
B-GAS01-0275,GAS01,20,2025-10-21,,370000.0,ACTIVE
B-BRS01-0276,BRS01,22,2025-10-28,2026-04-26,1364000.0,ACTIVE
B-BRS02-0277,BRS02,45,2025-10-28,2026-04-26,2430000.0,ACTIVE
B-GLA01-0278,GLA01,56,2025-10-28,,784000.0,ACTIVE
B-MYK01-0279,MYK01,44,2025-10-28,2026-10-28,726000.0,ACTIVE
B-MYK02-0280,MYK02,44,2025-10-28,2026-10-28,594000.0,ACTIVE
B-TLR01-0281,TLR01,34,2025-10-28,2025-11-11,884000.0,ACTIVE
B-TPG01-0282,TPG01,20,2025-10-28,2026-10-28,210000.0,ACTIVE
B-MIE01-0283,MIE01,157,2025-10-28,2026-06-25,408200.0,ACTIVE
B-MIE02-0284,MIE02,116,2025-10-28,2026-06-25,290000.0,ACTIVE
B-MIE03-0285,MIE03,84,2025-10-28,2026-06-25,210000.0,ACTIVE
B-MNM01-0286,MNM01,164,2025-10-28,2026-10-28,492000.0,ACTIVE
B-MNM02-0287,MNM02,91,2025-10-28,2026-04-26,282100.0,ACTIVE
B-MNM03-0288,MNM03,116,2025-10-28,2026-10-28,139200.0,ACTIVE
B-MNM04-0289,MNM04,70,2025-10-28,2026-10-28,210000.0,ACTIVE
B-RKK01-0290,RKK01,100,2025-10-28,,3150000.0,ACTIVE
B-RKK02-0291,RKK02,49,2025-10-28,,1127000.0,ACTIVE
B-SNK01-0292,SNK01,29,2025-10-28,2026-02-25,197200.0,ACTIVE
B-SNK02-0293,SNK02,26,2025-10-28,2026-04-26,195000.0,ACTIVE
B-SNK03-0294,SNK03,23,2025-10-28,2026-04-26,119600.0,ACTIVE
B-BMB01-0295,BMB01,36,2025-10-28,2026-10-28,162000.0,ACTIVE
B-KRT01-0296,KRT01,17,2025-10-28,,280500.0,ACTIVE
B-KRT02-0297,KRT02,31,2025-10-28,,372000.0,ACTIVE
B-ROTI01-0298,ROTI01,19,2025-10-28,2025-11-02,247000.0,ACTIVE
B-ROTI02-0299,ROTI02,32,2025-10-28,2025-11-27,176000.0,ACTIVE
B-GAS01-0300,GAS01,18,2025-10-28,,333000.0,ACTIVE
B-BRS01-0301,BRS01,26,2025-11-07,2026-05-06,1612000.0,ACTIVE
B-BRS02-0302,BRS02,35,2025-11-07,2026-05-06,1890000.0,ACTIVE
B-GLA01-0303,GLA01,50,2025-11-07,,700000.0,ACTIVE
B-MYK01-0304,MYK01,32,2025-11-07,2026-11-07,528000.0,ACTIVE
B-MYK02-0305,MYK02,59,2025-11-07,2026-11-07,796500.0,ACTIVE
B-TLR01-0306,TLR01,31,2025-11-07,2025-11-21,806000.0,ACTIVE
B-TPG01-0307,TPG01,21,2025-11-07,2026-11-07,220500.0,ACTIVE
B-MIE01-0308,MIE01,194,2025-11-07,2026-07-05,504400.0,ACTIVE
B-MIE02-0309,MIE02,135,2025-11-07,2026-07-05,337500.0,ACTIVE
B-MIE03-0310,MIE03,111,2025-11-07,2026-07-05,277500.0,ACTIVE
B-MNM01-0311,MNM01,154,2025-11-07,2026-11-07,462000.0,ACTIVE
B-MNM02-0312,MNM02,61,2025-11-07,2026-05-06,189100.0,ACTIVE
B-MNM03-0313,MNM03,131,2025-11-07,2026-11-07,157200.0,ACTIVE
B-MNM04-0314,MNM04,83,2025-11-07,2026-11-07,249000.0,ACTIVE
B-RKK01-0315,RKK01,64,2025-11-07,,2016000.0,ACTIVE
B-RKK02-0316,RKK02,66,2025-11-07,,1518000.0,ACTIVE
B-SNK01-0317,SNK01,24,2025-11-07,2026-03-07,163200.0,ACTIVE
B-SNK02-0318,SNK02,16,2025-11-07,2026-05-06,120000.0,ACTIVE
B-SNK03-0319,SNK03,24,2025-11-07,2026-05-06,124800.0,ACTIVE
B-BMB01-0320,BMB01,49,2025-11-07,2026-11-07,220500.0,ACTIVE
B-KRT01-0321,KRT01,23,2025-11-07,,379500.0,ACTIVE
B-KRT02-0322,KRT02,25,2025-11-07,,300000.0,ACTIVE
B-ROTI01-0323,ROTI01,18,2025-11-07,2025-11-12,234000.0,ACTIVE
B-ROTI02-0324,ROTI02,41,2025-11-07,2025-12-07,225500.0,ACTIVE
B-GAS01-0325,GAS01,14,2025-11-07,,259000.0,ACTIVE
B-BRS01-0326,BRS01,33,2025-11-14,2026-05-13,2046000.0,ACTIVE
B-BRS02-0327,BRS02,40,2025-11-14,2026-05-13,2160000.0,ACTIVE
B-GLA01-0328,GLA01,58,2025-11-14,,812000.0,ACTIVE
B-MYK01-0329,MYK01,42,2025-11-14,2026-11-14,693000.0,ACTIVE
B-MYK02-0330,MYK02,43,2025-11-14,2026-11-14,580500.0,ACTIVE
B-TLR01-0331,TLR01,30,2025-11-14,2025-11-28,780000.0,ACTIVE
B-TPG01-0332,TPG01,20,2025-11-14,2026-11-14,210000.0,ACTIVE
B-MIE01-0333,MIE01,147,2025-11-14,2026-07-12,382200.0,ACTIVE
B-MIE02-0334,MIE02,126,2025-11-14,2026-07-12,315000.0,ACTIVE
B-MIE03-0335,MIE03,91,2025-11-14,2026-07-12,227500.0,ACTIVE
B-MNM01-0336,MNM01,128,2025-11-14,2026-11-14,384000.0,ACTIVE
B-MNM02-0337,MNM02,70,2025-11-14,2026-05-13,217000.0,ACTIVE
B-MNM03-0338,MNM03,109,2025-11-14,2026-11-14,130800.0,ACTIVE
B-MNM04-0339,MNM04,70,2025-11-14,2026-11-14,210000.0,ACTIVE
B-RKK01-0340,RKK01,98,2025-11-14,,3087000.0,ACTIVE
B-RKK02-0341,RKK02,57,2025-11-14,,1311000.0,ACTIVE
B-SNK01-0342,SNK01,35,2025-11-14,2026-03-14,238000.0,ACTIVE
B-SNK02-0343,SNK02,24,2025-11-14,2026-05-13,180000.0,ACTIVE
B-SNK03-0344,SNK03,28,2025-11-14,2026-05-13,145600.0,ACTIVE
B-BMB01-0345,BMB01,54,2025-11-14,2026-11-14,243000.0,ACTIVE
B-KRT01-0346,KRT01,23,2025-11-14,,379500.0,ACTIVE
B-KRT02-0347,KRT02,26,2025-11-14,,312000.0,ACTIVE
B-ROTI01-0348,ROTI01,25,2025-11-14,2025-11-19,325000.0,ACTIVE
B-ROTI02-0349,ROTI02,46,2025-11-14,2025-12-14,253000.0,ACTIVE
B-GAS01-0350,GAS01,20,2025-11-14,,370000.0,ACTIVE
B-BRS01-0351,BRS01,29,2025-11-21,2026-05-20,1798000.0,ACTIVE
B-BRS02-0352,BRS02,46,2025-11-21,2026-05-20,2484000.0,ACTIVE
B-GLA01-0353,GLA01,48,2025-11-21,,672000.0,ACTIVE
B-MYK01-0354,MYK01,37,2025-11-21,2026-11-21,610500.0,ACTIVE
B-MYK02-0355,MYK02,41,2025-11-21,2026-11-21,553500.0,ACTIVE
B-TLR01-0356,TLR01,39,2025-11-21,2025-12-05,1014000.0,ACTIVE
B-TPG01-0357,TPG01,18,2025-11-21,2026-11-21,189000.0,ACTIVE
B-MIE01-0358,MIE01,165,2025-11-21,2026-07-19,429000.0,ACTIVE
B-MIE02-0359,MIE02,139,2025-11-21,2026-07-19,347500.0,ACTIVE
B-MIE03-0360,MIE03,89,2025-11-21,2026-07-19,222500.0,ACTIVE
B-MNM01-0361,MNM01,105,2025-11-21,2026-11-21,315000.0,ACTIVE
B-MNM02-0362,MNM02,63,2025-11-21,2026-05-20,195300.0,ACTIVE
B-MNM03-0363,MNM03,125,2025-11-21,2026-11-21,150000.0,ACTIVE
B-MNM04-0364,MNM04,68,2025-11-21,2026-11-21,204000.0,ACTIVE
B-RKK01-0365,RKK01,103,2025-11-21,,3244500.0,ACTIVE
B-RKK02-0366,RKK02,54,2025-11-21,,1242000.0,ACTIVE
B-SNK01-0367,SNK01,38,2025-11-21,2026-03-21,258400.0,ACTIVE
B-SNK02-0368,SNK02,23,2025-11-21,2026-05-20,172500.0,ACTIVE
B-SNK03-0369,SNK03,28,2025-11-21,2026-05-20,145600.0,ACTIVE
B-BMB01-0370,BMB01,55,2025-11-21,2026-11-21,247500.0,ACTIVE
B-KRT01-0371,KRT01,18,2025-11-21,,297000.0,ACTIVE
B-KRT02-0372,KRT02,27,2025-11-21,,324000.0,ACTIVE
B-ROTI01-0373,ROTI01,24,2025-11-21,2025-11-26,312000.0,ACTIVE
B-ROTI02-0374,ROTI02,47,2025-11-21,2025-12-21,258500.0,ACTIVE
B-GAS01-0375,GAS01,19,2025-11-21,,351500.0,ACTIVE
B-BRS01-0376,BRS01,28,2025-11-28,2026-05-27,1736000.0,ACTIVE
B-BRS02-0377,BRS02,46,2025-11-28,2026-05-27,2484000.0,ACTIVE
B-GLA01-0378,GLA01,55,2025-11-28,,770000.0,ACTIVE
B-MYK01-0379,MYK01,50,2025-11-28,2026-11-28,825000.0,ACTIVE
B-MYK02-0380,MYK02,60,2025-11-28,2026-11-28,810000.0,ACTIVE
B-TLR01-0381,TLR01,34,2025-11-28,2025-12-12,884000.0,ACTIVE
B-TPG01-0382,TPG01,15,2025-11-28,2026-11-28,157500.0,ACTIVE
B-MIE01-0383,MIE01,183,2025-11-28,2026-07-26,475800.0,ACTIVE
B-MIE02-0384,MIE02,120,2025-11-28,2026-07-26,300000.0,ACTIVE
B-MIE03-0385,MIE03,76,2025-11-28,2026-07-26,190000.0,ACTIVE
B-MNM01-0386,MNM01,101,2025-11-28,2026-11-28,303000.0,ACTIVE
B-MNM02-0387,MNM02,74,2025-11-28,2026-05-27,229400.0,ACTIVE
B-MNM03-0388,MNM03,137,2025-11-28,2026-11-28,164400.0,ACTIVE
B-MNM04-0389,MNM04,62,2025-11-28,2026-11-28,186000.0,ACTIVE
B-RKK01-0390,RKK01,86,2025-11-28,,2709000.0,ACTIVE
B-RKK02-0391,RKK02,69,2025-11-28,,1587000.0,ACTIVE
B-SNK01-0392,SNK01,40,2025-11-28,2026-03-28,272000.0,ACTIVE
B-SNK02-0393,SNK02,16,2025-11-28,2026-05-27,120000.0,ACTIVE
B-SNK03-0394,SNK03,33,2025-11-28,2026-05-27,171600.0,ACTIVE
B-BMB01-0395,BMB01,36,2025-11-28,2026-11-28,162000.0,ACTIVE
B-KRT01-0396,KRT01,26,2025-11-28,,429000.0,ACTIVE
B-KRT02-0397,KRT02,28,2025-11-28,,336000.0,ACTIVE
B-ROTI01-0398,ROTI01,18,2025-11-28,2025-12-03,234000.0,ACTIVE
B-ROTI02-0399,ROTI02,47,2025-11-28,2025-12-28,258500.0,ACTIVE
B-GAS01-0400,GAS01,19,2025-11-28,,351500.0,ACTIVE
B-BRS01-0401,BRS01,21,2025-12-07,2026-06-05,1302000.0,ACTIVE
B-BRS02-0402,BRS02,39,2025-12-07,2026-06-05,2106000.0,ACTIVE
B-GLA01-0403,GLA01,41,2025-12-07,,574000.0,ACTIVE
B-MYK01-0404,MYK01,38,2025-12-07,2026-12-07,627000.0,ACTIVE
B-MYK02-0405,MYK02,42,2025-12-07,2026-12-07,567000.0,ACTIVE
B-TLR01-0406,TLR01,40,2025-12-07,2025-12-21,1040000.0,ACTIVE
B-TPG01-0407,TPG01,19,2025-12-07,2026-12-07,199500.0,ACTIVE
B-MIE01-0408,MIE01,195,2025-12-07,2026-08-04,507000.0,ACTIVE
B-MIE02-0409,MIE02,113,2025-12-07,2026-08-04,282500.0,ACTIVE
B-MIE03-0410,MIE03,91,2025-12-07,2026-08-04,227500.0,ACTIVE
B-MNM01-0411,MNM01,103,2025-12-07,2026-12-07,309000.0,ACTIVE
B-MNM02-0412,MNM02,88,2025-12-07,2026-06-05,272800.0,ACTIVE
B-MNM03-0413,MNM03,126,2025-12-07,2026-12-07,151200.0,ACTIVE
B-MNM04-0414,MNM04,61,2025-12-07,2026-12-07,183000.0,ACTIVE
B-RKK01-0415,RKK01,77,2025-12-07,,2425500.0,ACTIVE
B-RKK02-0416,RKK02,75,2025-12-07,,1725000.0,ACTIVE
B-SNK01-0417,SNK01,36,2025-12-07,2026-04-06,244800.0,ACTIVE
B-SNK02-0418,SNK02,16,2025-12-07,2026-06-05,120000.0,ACTIVE
B-SNK03-0419,SNK03,30,2025-12-07,2026-06-05,156000.0,ACTIVE
B-BMB01-0420,BMB01,49,2025-12-07,2026-12-07,220500.0,ACTIVE
B-KRT01-0421,KRT01,23,2025-12-07,,379500.0,ACTIVE
B-KRT02-0422,KRT02,23,2025-12-07,,276000.0,ACTIVE
B-ROTI01-0423,ROTI01,26,2025-12-07,2025-12-12,338000.0,ACTIVE
B-ROTI02-0424,ROTI02,28,2025-12-07,2026-01-06,154000.0,ACTIVE
B-GAS01-0425,GAS01,17,2025-12-07,,314500.0,ACTIVE
B-BRS01-0426,BRS01,27,2025-12-14,2026-06-12,1674000.0,ACTIVE
B-BRS02-0427,BRS02,32,2025-12-14,2026-06-12,1728000.0,ACTIVE
B-GLA01-0428,GLA01,56,2025-12-14,,784000.0,ACTIVE
B-MYK01-0429,MYK01,38,2025-12-14,2026-12-14,627000.0,ACTIVE
B-MYK02-0430,MYK02,60,2025-12-14,2026-12-14,810000.0,ACTIVE
B-TLR01-0431,TLR01,26,2025-12-14,2025-12-28,676000.0,ACTIVE
B-TPG01-0432,TPG01,21,2025-12-14,2026-12-14,220500.0,ACTIVE
B-MIE01-0433,MIE01,184,2025-12-14,2026-08-11,478400.0,ACTIVE
B-MIE02-0434,MIE02,108,2025-12-14,2026-08-11,270000.0,ACTIVE
B-MIE03-0435,MIE03,86,2025-12-14,2026-08-11,215000.0,ACTIVE
B-MNM01-0436,MNM01,139,2025-12-14,2026-12-14,417000.0,ACTIVE
B-MNM02-0437,MNM02,59,2025-12-14,2026-06-12,182900.0,ACTIVE
B-MNM03-0438,MNM03,121,2025-12-14,2026-12-14,145200.0,ACTIVE
B-MNM04-0439,MNM04,53,2025-12-14,2026-12-14,159000.0,ACTIVE
B-RKK01-0440,RKK01,74,2025-12-14,,2331000.0,ACTIVE
B-RKK02-0441,RKK02,60,2025-12-14,,1380000.0,ACTIVE
B-SNK01-0442,SNK01,30,2025-12-14,2026-04-13,204000.0,ACTIVE
B-SNK02-0443,SNK02,19,2025-12-14,2026-06-12,142500.0,ACTIVE
B-SNK03-0444,SNK03,31,2025-12-14,2026-06-12,161200.0,ACTIVE
B-BMB01-0445,BMB01,44,2025-12-14,2026-12-14,198000.0,ACTIVE
B-KRT01-0446,KRT01,24,2025-12-14,,396000.0,ACTIVE
B-KRT02-0447,KRT02,23,2025-12-14,,276000.0,ACTIVE
B-ROTI01-0448,ROTI01,19,2025-12-14,2025-12-19,247000.0,ACTIVE
B-ROTI02-0449,ROTI02,31,2025-12-14,2026-01-13,170500.0,ACTIVE
B-GAS01-0450,GAS01,13,2025-12-14,,240500.0,ACTIVE
B-BRS01-0451,BRS01,25,2025-12-21,2026-06-19,1550000.0,ACTIVE
B-BRS02-0452,BRS02,39,2025-12-21,2026-06-19,2106000.0,ACTIVE
B-GLA01-0453,GLA01,57,2025-12-21,,798000.0,ACTIVE
B-MYK01-0454,MYK01,40,2025-12-21,2026-12-21,660000.0,ACTIVE
B-MYK02-0455,MYK02,43,2025-12-21,2026-12-21,580500.0,ACTIVE
B-TLR01-0456,TLR01,30,2025-12-21,2026-01-04,780000.0,ACTIVE
B-TPG01-0457,TPG01,16,2025-12-21,2026-12-21,168000.0,ACTIVE
B-MIE01-0458,MIE01,153,2025-12-21,2026-08-18,397800.0,ACTIVE
B-MIE02-0459,MIE02,94,2025-12-21,2026-08-18,235000.0,ACTIVE
B-MIE03-0460,MIE03,82,2025-12-21,2026-08-18,205000.0,ACTIVE
B-MNM01-0461,MNM01,125,2025-12-21,2026-12-21,375000.0,ACTIVE
B-MNM02-0462,MNM02,86,2025-12-21,2026-06-19,266600.0,ACTIVE
B-MNM03-0463,MNM03,105,2025-12-21,2026-12-21,126000.0,ACTIVE
B-MNM04-0464,MNM04,49,2025-12-21,2026-12-21,147000.0,ACTIVE
B-RKK01-0465,RKK01,98,2025-12-21,,3087000.0,ACTIVE
B-RKK02-0466,RKK02,77,2025-12-21,,1771000.0,ACTIVE
B-SNK01-0467,SNK01,32,2025-12-21,2026-04-20,217600.0,ACTIVE
B-SNK02-0468,SNK02,17,2025-12-21,2026-06-19,127500.0,ACTIVE
B-SNK03-0469,SNK03,28,2025-12-21,2026-06-19,145600.0,ACTIVE
B-BMB01-0470,BMB01,49,2025-12-21,2026-12-21,220500.0,ACTIVE
B-KRT01-0471,KRT01,20,2025-12-21,,330000.0,ACTIVE
B-KRT02-0472,KRT02,33,2025-12-21,,396000.0,ACTIVE
B-ROTI01-0473,ROTI01,21,2025-12-21,2025-12-26,273000.0,ACTIVE
B-ROTI02-0474,ROTI02,39,2025-12-21,2026-01-20,214500.0,ACTIVE
B-GAS01-0475,GAS01,20,2025-12-21,,370000.0,ACTIVE
B-BRS01-0476,BRS01,28,2025-12-28,2026-06-26,1736000.0,ACTIVE
B-BRS02-0477,BRS02,42,2025-12-28,2026-06-26,2268000.0,ACTIVE
B-GLA01-0478,GLA01,45,2025-12-28,,630000.0,ACTIVE
B-MYK01-0479,MYK01,42,2025-12-28,2026-12-28,693000.0,ACTIVE
B-MYK02-0480,MYK02,41,2025-12-28,2026-12-28,553500.0,ACTIVE
B-TLR01-0481,TLR01,35,2025-12-28,2026-01-11,910000.0,ACTIVE
B-TPG01-0482,TPG01,24,2025-12-28,2026-12-28,252000.0,ACTIVE
B-MIE01-0483,MIE01,177,2025-12-28,2026-08-25,460200.0,ACTIVE
B-MIE02-0484,MIE02,81,2025-12-28,2026-08-25,202500.0,ACTIVE
B-MIE03-0485,MIE03,103,2025-12-28,2026-08-25,257500.0,ACTIVE
B-MNM01-0486,MNM01,124,2025-12-28,2026-12-28,372000.0,ACTIVE
B-MNM02-0487,MNM02,60,2025-12-28,2026-06-26,186000.0,ACTIVE
B-MNM03-0488,MNM03,109,2025-12-28,2026-12-28,130800.0,ACTIVE
B-MNM04-0489,MNM04,56,2025-12-28,2026-12-28,168000.0,ACTIVE
B-RKK01-0490,RKK01,86,2025-12-28,,2709000.0,ACTIVE
B-RKK02-0491,RKK02,60,2025-12-28,,1380000.0,ACTIVE
B-SNK01-0492,SNK01,31,2025-12-28,2026-04-27,210800.0,ACTIVE
B-SNK02-0493,SNK02,27,2025-12-28,2026-06-26,202500.0,ACTIVE
B-SNK03-0494,SNK03,29,2025-12-28,2026-06-26,150800.0,ACTIVE
B-BMB01-0495,BMB01,55,2025-12-28,2026-12-28,247500.0,ACTIVE
B-KRT01-0496,KRT01,22,2025-12-28,,363000.0,ACTIVE
B-KRT02-0497,KRT02,26,2025-12-28,,312000.0,ACTIVE
B-ROTI01-0498,ROTI01,22,2025-12-28,2026-01-02,286000.0,ACTIVE
B-ROTI02-0499,ROTI02,35,2025-12-28,2026-01-27,192500.0,ACTIVE
B-GAS01-0500,GAS01,16,2025-12-28,,296000.0,ACTIVE
B-BRS01-0501,BRS01,27,2026-01-07,2026-07-06,1674000.0,ACTIVE
B-BRS02-0502,BRS02,33,2026-01-07,2026-07-06,1782000.0,ACTIVE
B-GLA01-0503,GLA01,66,2026-01-07,,924000.0,ACTIVE
B-MYK01-0504,MYK01,47,2026-01-07,2027-01-07,775500.0,ACTIVE
B-MYK02-0505,MYK02,62,2026-01-07,2027-01-07,837000.0,ACTIVE
B-TLR01-0506,TLR01,30,2026-01-07,2026-01-21,780000.0,ACTIVE
B-TPG01-0507,TPG01,24,2026-01-07,2027-01-07,252000.0,ACTIVE
B-MIE01-0508,MIE01,126,2026-01-07,2026-09-04,327600.0,ACTIVE
B-MIE02-0509,MIE02,131,2026-01-07,2026-09-04,327500.0,ACTIVE
B-MIE03-0510,MIE03,70,2026-01-07,2026-09-04,175000.0,ACTIVE
B-MNM01-0511,MNM01,121,2026-01-07,2027-01-07,363000.0,ACTIVE
B-MNM02-0512,MNM02,78,2026-01-07,2026-07-06,241800.0,ACTIVE
B-MNM03-0513,MNM03,101,2026-01-07,2027-01-07,121200.0,ACTIVE
B-MNM04-0514,MNM04,61,2026-01-07,2027-01-07,183000.0,ACTIVE
B-RKK01-0515,RKK01,76,2026-01-07,,2394000.0,ACTIVE
B-RKK02-0516,RKK02,68,2026-01-07,,1564000.0,ACTIVE
B-SNK01-0517,SNK01,27,2026-01-07,2026-05-07,183600.0,ACTIVE
B-SNK02-0518,SNK02,20,2026-01-07,2026-07-06,150000.0,ACTIVE
B-SNK03-0519,SNK03,26,2026-01-07,2026-07-06,135200.0,ACTIVE
B-BMB01-0520,BMB01,37,2026-01-07,2027-01-07,166500.0,ACTIVE
B-KRT01-0521,KRT01,16,2026-01-07,,264000.0,ACTIVE
B-KRT02-0522,KRT02,24,2026-01-07,,288000.0,ACTIVE
B-ROTI01-0523,ROTI01,17,2026-01-07,2026-01-12,221000.0,ACTIVE
B-ROTI02-0524,ROTI02,36,2026-01-07,2026-02-06,198000.0,ACTIVE
B-GAS01-0525,GAS01,15,2026-01-07,,277500.0,ACTIVE
B-BRS01-0526,BRS01,21,2026-01-14,2026-07-13,1302000.0,ACTIVE
B-BRS02-0527,BRS02,46,2026-01-14,2026-07-13,2484000.0,ACTIVE
B-GLA01-0528,GLA01,48,2026-01-14,,672000.0,ACTIVE
B-MYK01-0529,MYK01,41,2026-01-14,2027-01-14,676500.0,ACTIVE
B-MYK02-0530,MYK02,36,2026-01-14,2027-01-14,486000.0,ACTIVE
B-TLR01-0531,TLR01,26,2026-01-14,2026-01-28,676000.0,ACTIVE
B-TPG01-0532,TPG01,25,2026-01-14,2027-01-14,262500.0,ACTIVE
B-MIE01-0533,MIE01,180,2026-01-14,2026-09-11,468000.0,ACTIVE
B-MIE02-0534,MIE02,80,2026-01-14,2026-09-11,200000.0,ACTIVE
B-MIE03-0535,MIE03,77,2026-01-14,2026-09-11,192500.0,ACTIVE
B-MNM01-0536,MNM01,102,2026-01-14,2027-01-14,306000.0,ACTIVE
B-MNM02-0537,MNM02,80,2026-01-14,2026-07-13,248000.0,ACTIVE
B-MNM03-0538,MNM03,107,2026-01-14,2027-01-14,128400.0,ACTIVE
B-MNM04-0539,MNM04,65,2026-01-14,2027-01-14,195000.0,ACTIVE
B-RKK01-0540,RKK01,78,2026-01-14,,2457000.0,ACTIVE
B-RKK02-0541,RKK02,80,2026-01-14,,1840000.0,ACTIVE
B-SNK01-0542,SNK01,24,2026-01-14,2026-05-14,163200.0,ACTIVE
B-SNK02-0543,SNK02,26,2026-01-14,2026-07-13,195000.0,ACTIVE
B-SNK03-0544,SNK03,30,2026-01-14,2026-07-13,156000.0,ACTIVE
B-BMB01-0545,BMB01,35,2026-01-14,2027-01-14,157500.0,ACTIVE
B-KRT01-0546,KRT01,24,2026-01-14,,396000.0,ACTIVE
B-KRT02-0547,KRT02,33,2026-01-14,,396000.0,ACTIVE
B-ROTI01-0548,ROTI01,26,2026-01-14,2026-01-19,338000.0,ACTIVE
B-ROTI02-0549,ROTI02,35,2026-01-14,2026-02-13,192500.0,ACTIVE
B-GAS01-0550,GAS01,20,2026-01-14,,370000.0,ACTIVE
B-BRS01-0551,BRS01,25,2026-01-21,2026-07-20,1550000.0,ACTIVE
B-BRS02-0552,BRS02,33,2026-01-21,2026-07-20,1782000.0,ACTIVE
B-GLA01-0553,GLA01,68,2026-01-21,,952000.0,ACTIVE
B-MYK01-0554,MYK01,48,2026-01-21,2027-01-21,792000.0,ACTIVE
B-MYK02-0555,MYK02,43,2026-01-21,2027-01-21,580500.0,ACTIVE
B-TLR01-0556,TLR01,24,2026-01-21,2026-02-04,624000.0,ACTIVE
B-TPG01-0557,TPG01,15,2026-01-21,2027-01-21,157500.0,ACTIVE
B-MIE01-0558,MIE01,202,2026-01-21,2026-09-18,525200.0,ACTIVE
B-MIE02-0559,MIE02,132,2026-01-21,2026-09-18,330000.0,ACTIVE
B-MIE03-0560,MIE03,87,2026-01-21,2026-09-18,217500.0,ACTIVE
B-MNM01-0561,MNM01,115,2026-01-21,2027-01-21,345000.0,ACTIVE
B-MNM02-0562,MNM02,90,2026-01-21,2026-07-20,279000.0,ACTIVE
B-MNM03-0563,MNM03,96,2026-01-21,2027-01-21,115200.0,ACTIVE
B-MNM04-0564,MNM04,78,2026-01-21,2027-01-21,234000.0,ACTIVE
B-RKK01-0565,RKK01,106,2026-01-21,,3339000.0,ACTIVE
B-RKK02-0566,RKK02,75,2026-01-21,,1725000.0,ACTIVE
B-SNK01-0567,SNK01,29,2026-01-21,2026-05-21,197200.0,ACTIVE
B-SNK02-0568,SNK02,18,2026-01-21,2026-07-20,135000.0,ACTIVE
B-SNK03-0569,SNK03,25,2026-01-21,2026-07-20,130000.0,ACTIVE
B-BMB01-0570,BMB01,50,2026-01-21,2027-01-21,225000.0,ACTIVE
B-KRT01-0571,KRT01,22,2026-01-21,,363000.0,ACTIVE
B-KRT02-0572,KRT02,31,2026-01-21,,372000.0,ACTIVE
B-ROTI01-0573,ROTI01,19,2026-01-21,2026-01-26,247000.0,ACTIVE
B-ROTI02-0574,ROTI02,48,2026-01-21,2026-02-20,264000.0,ACTIVE
B-GAS01-0575,GAS01,15,2026-01-21,,277500.0,ACTIVE
B-BRS01-0576,BRS01,34,2026-01-28,2026-07-27,2108000.0,ACTIVE
B-BRS02-0577,BRS02,30,2026-01-28,2026-07-27,1620000.0,ACTIVE
B-GLA01-0578,GLA01,52,2026-01-28,,728000.0,ACTIVE
B-MYK01-0579,MYK01,52,2026-01-28,2027-01-28,858000.0,ACTIVE
B-MYK02-0580,MYK02,41,2026-01-28,2027-01-28,553500.0,ACTIVE
B-TLR01-0581,TLR01,37,2026-01-28,2026-02-11,962000.0,ACTIVE
B-TPG01-0582,TPG01,20,2026-01-28,2027-01-28,210000.0,ACTIVE
B-MIE01-0583,MIE01,196,2026-01-28,2026-09-25,509600.0,ACTIVE
B-MIE02-0584,MIE02,94,2026-01-28,2026-09-25,235000.0,ACTIVE
B-MIE03-0585,MIE03,73,2026-01-28,2026-09-25,182500.0,ACTIVE
B-MNM01-0586,MNM01,131,2026-01-28,2027-01-28,393000.0,ACTIVE
B-MNM02-0587,MNM02,77,2026-01-28,2026-07-27,238700.0,ACTIVE
B-MNM03-0588,MNM03,137,2026-01-28,2027-01-28,164400.0,ACTIVE
B-MNM04-0589,MNM04,57,2026-01-28,2027-01-28,171000.0,ACTIVE
B-RKK01-0590,RKK01,105,2026-01-28,,3307500.0,ACTIVE
B-RKK02-0591,RKK02,55,2026-01-28,,1265000.0,ACTIVE
B-SNK01-0592,SNK01,34,2026-01-28,2026-05-28,231200.0,ACTIVE
B-SNK02-0593,SNK02,19,2026-01-28,2026-07-27,142500.0,ACTIVE
B-SNK03-0594,SNK03,31,2026-01-28,2026-07-27,161200.0,ACTIVE
B-BMB01-0595,BMB01,36,2026-01-28,2027-01-28,162000.0,ACTIVE
B-KRT01-0596,KRT01,22,2026-01-28,,363000.0,ACTIVE
B-KRT02-0597,KRT02,31,2026-01-28,,372000.0,ACTIVE
B-ROTI01-0598,ROTI01,24,2026-01-28,2026-02-02,312000.0,ACTIVE
B-ROTI02-0599,ROTI02,46,2026-01-28,2026-02-27,253000.0,ACTIVE
B-GAS01-0600,GAS01,20,2026-01-28,,370000.0,ACTIVE
B-BRS01-0601,BRS01,28,2026-02-07,2026-08-06,1736000.0,ACTIVE
B-BRS02-0602,BRS02,37,2026-02-07,2026-08-06,1998000.0,ACTIVE
B-GLA01-0603,GLA01,62,2026-02-07,,868000.0,ACTIVE
B-MYK01-0604,MYK01,35,2026-02-07,2027-02-07,577500.0,ACTIVE
B-MYK02-0605,MYK02,60,2026-02-07,2027-02-07,810000.0,ACTIVE
B-TLR01-0606,TLR01,26,2026-02-07,2026-02-21,676000.0,ACTIVE
B-TPG01-0607,TPG01,19,2026-02-07,2027-02-07,199500.0,ACTIVE
B-MIE01-0608,MIE01,195,2026-02-07,2026-10-05,507000.0,ACTIVE
B-MIE02-0609,MIE02,114,2026-02-07,2026-10-05,285000.0,ACTIVE
B-MIE03-0610,MIE03,67,2026-02-07,2026-10-05,167500.0,ACTIVE
B-MNM01-0611,MNM01,113,2026-02-07,2027-02-07,339000.0,ACTIVE
B-MNM02-0612,MNM02,87,2026-02-07,2026-08-06,269700.0,ACTIVE
B-MNM03-0613,MNM03,105,2026-02-07,2027-02-07,126000.0,ACTIVE
B-MNM04-0614,MNM04,57,2026-02-07,2027-02-07,171000.0,ACTIVE
B-RKK01-0615,RKK01,85,2026-02-07,,2677500.0,ACTIVE
B-RKK02-0616,RKK02,49,2026-02-07,,1127000.0,ACTIVE
B-SNK01-0617,SNK01,39,2026-02-07,2026-06-07,265200.0,ACTIVE
B-SNK02-0618,SNK02,27,2026-02-07,2026-08-06,202500.0,ACTIVE
B-SNK03-0619,SNK03,23,2026-02-07,2026-08-06,119600.0,ACTIVE
B-BMB01-0620,BMB01,52,2026-02-07,2027-02-07,234000.0,ACTIVE
B-KRT01-0621,KRT01,18,2026-02-07,,297000.0,ACTIVE
B-KRT02-0622,KRT02,20,2026-02-07,,240000.0,ACTIVE
B-ROTI01-0623,ROTI01,27,2026-02-07,2026-02-12,351000.0,ACTIVE
B-ROTI02-0624,ROTI02,36,2026-02-07,2026-03-09,198000.0,ACTIVE
B-GAS01-0625,GAS01,15,2026-02-07,,277500.0,ACTIVE
B-BRS01-0626,BRS01,26,2026-02-14,2026-08-13,1612000.0,ACTIVE
B-BRS02-0627,BRS02,35,2026-02-14,2026-08-13,1890000.0,ACTIVE
B-GLA01-0628,GLA01,50,2026-02-14,,700000.0,ACTIVE
B-MYK01-0629,MYK01,50,2026-02-14,2027-02-14,825000.0,ACTIVE
B-MYK02-0630,MYK02,42,2026-02-14,2027-02-14,567000.0,ACTIVE
B-TLR01-0631,TLR01,34,2026-02-14,2026-02-28,884000.0,ACTIVE
B-TPG01-0632,TPG01,24,2026-02-14,2027-02-14,252000.0,ACTIVE
B-MIE01-0633,MIE01,122,2026-02-14,2026-10-12,317200.0,ACTIVE
B-MIE02-0634,MIE02,108,2026-02-14,2026-10-12,270000.0,ACTIVE
B-MIE03-0635,MIE03,66,2026-02-14,2026-10-12,165000.0,ACTIVE
B-MNM01-0636,MNM01,164,2026-02-14,2027-02-14,492000.0,ACTIVE
B-MNM02-0637,MNM02,83,2026-02-14,2026-08-13,257300.0,ACTIVE
B-MNM03-0638,MNM03,124,2026-02-14,2027-02-14,148800.0,ACTIVE
B-MNM04-0639,MNM04,58,2026-02-14,2027-02-14,174000.0,ACTIVE
B-RKK01-0640,RKK01,78,2026-02-14,,2457000.0,ACTIVE
B-RKK02-0641,RKK02,73,2026-02-14,,1679000.0,ACTIVE
B-SNK01-0642,SNK01,26,2026-02-14,2026-06-14,176800.0,ACTIVE
B-SNK02-0643,SNK02,16,2026-02-14,2026-08-13,120000.0,ACTIVE
B-SNK03-0644,SNK03,23,2026-02-14,2026-08-13,119600.0,ACTIVE
B-BMB01-0645,BMB01,33,2026-02-14,2027-02-14,148500.0,ACTIVE
B-KRT01-0646,KRT01,22,2026-02-14,,363000.0,ACTIVE
B-KRT02-0647,KRT02,23,2026-02-14,,276000.0,ACTIVE
B-ROTI01-0648,ROTI01,21,2026-02-14,2026-02-19,273000.0,ACTIVE
B-ROTI02-0649,ROTI02,41,2026-02-14,2026-03-16,225500.0,ACTIVE
B-GAS01-0650,GAS01,14,2026-02-14,,259000.0,ACTIVE
B-BRS01-0651,BRS01,34,2026-02-21,2026-08-20,2108000.0,ACTIVE
B-BRS02-0652,BRS02,47,2026-02-21,2026-08-20,2538000.0,ACTIVE
B-GLA01-0653,GLA01,45,2026-02-21,,630000.0,ACTIVE
B-MYK01-0654,MYK01,38,2026-02-21,2027-02-21,627000.0,ACTIVE
B-MYK02-0655,MYK02,39,2026-02-21,2027-02-21,526500.0,ACTIVE
B-TLR01-0656,TLR01,35,2026-02-21,2026-03-07,910000.0,ACTIVE
B-TPG01-0657,TPG01,24,2026-02-21,2027-02-21,252000.0,ACTIVE
B-MIE01-0658,MIE01,128,2026-02-21,2026-10-19,332800.0,ACTIVE
B-MIE02-0659,MIE02,99,2026-02-21,2026-10-19,247500.0,ACTIVE
B-MIE03-0660,MIE03,77,2026-02-21,2026-10-19,192500.0,ACTIVE
B-MNM01-0661,MNM01,113,2026-02-21,2027-02-21,339000.0,ACTIVE
B-MNM02-0662,MNM02,80,2026-02-21,2026-08-20,248000.0,ACTIVE
B-MNM03-0663,MNM03,102,2026-02-21,2027-02-21,122400.0,ACTIVE
B-MNM04-0664,MNM04,51,2026-02-21,2027-02-21,153000.0,ACTIVE
B-RKK01-0665,RKK01,111,2026-02-21,,3496500.0,ACTIVE
B-RKK02-0666,RKK02,75,2026-02-21,,1725000.0,ACTIVE
B-SNK01-0667,SNK01,40,2026-02-21,2026-06-21,272000.0,ACTIVE
B-SNK02-0668,SNK02,20,2026-02-21,2026-08-20,150000.0,ACTIVE
B-SNK03-0669,SNK03,26,2026-02-21,2026-08-20,135200.0,ACTIVE
B-BMB01-0670,BMB01,35,2026-02-21,2027-02-21,157500.0,ACTIVE
B-KRT01-0671,KRT01,20,2026-02-21,,330000.0,ACTIVE
B-KRT02-0672,KRT02,28,2026-02-21,,336000.0,ACTIVE
B-ROTI01-0673,ROTI01,22,2026-02-21,2026-02-26,286000.0,ACTIVE
B-ROTI02-0674,ROTI02,35,2026-02-21,2026-03-23,192500.0,ACTIVE
B-GAS01-0675,GAS01,20,2026-02-21,,370000.0,ACTIVE
B-BRS01-0676,BRS01,33,2026-02-28,2026-08-27,2046000.0,ACTIVE
B-BRS02-0677,BRS02,41,2026-02-28,2026-08-27,2214000.0,ACTIVE
B-GLA01-0678,GLA01,44,2026-02-28,,616000.0,ACTIVE
B-MYK01-0679,MYK01,54,2026-02-28,2027-02-28,891000.0,ACTIVE
B-MYK02-0680,MYK02,47,2026-02-28,2027-02-28,634500.0,ACTIVE
B-TLR01-0681,TLR01,28,2026-02-28,2026-03-14,728000.0,ACTIVE
B-TPG01-0682,TPG01,17,2026-02-28,2027-02-28,178500.0,ACTIVE
B-MIE01-0683,MIE01,179,2026-02-28,2026-10-26,465400.0,ACTIVE
B-MIE02-0684,MIE02,93,2026-02-28,2026-10-26,232500.0,ACTIVE
B-MIE03-0685,MIE03,74,2026-02-28,2026-10-26,185000.0,ACTIVE
B-MNM01-0686,MNM01,167,2026-02-28,2027-02-28,501000.0,ACTIVE
B-MNM02-0687,MNM02,75,2026-02-28,2026-08-27,232500.0,ACTIVE
B-MNM03-0688,MNM03,104,2026-02-28,2027-02-28,124800.0,ACTIVE
B-MNM04-0689,MNM04,49,2026-02-28,2027-02-28,147000.0,ACTIVE
B-RKK01-0690,RKK01,64,2026-02-28,,2016000.0,ACTIVE
B-RKK02-0691,RKK02,81,2026-02-28,,1863000.0,ACTIVE
B-SNK01-0692,SNK01,37,2026-02-28,2026-06-28,251600.0,ACTIVE
B-SNK02-0693,SNK02,17,2026-02-28,2026-08-27,127500.0,ACTIVE
B-SNK03-0694,SNK03,29,2026-02-28,2026-08-27,150800.0,ACTIVE
B-BMB01-0695,BMB01,45,2026-02-28,2027-02-28,202500.0,ACTIVE
B-KRT01-0696,KRT01,17,2026-02-28,,280500.0,ACTIVE
B-KRT02-0697,KRT02,22,2026-02-28,,264000.0,ACTIVE
B-ROTI01-0698,ROTI01,27,2026-02-28,2026-03-05,351000.0,ACTIVE
B-ROTI02-0699,ROTI02,48,2026-02-28,2026-03-30,264000.0,ACTIVE
B-GAS01-0700,GAS01,19,2026-02-28,,351500.0,ACTIVE
B-BRS01-0701,BRS01,31,2026-03-07,2026-09-03,1922000.0,ACTIVE
B-BRS02-0702,BRS02,48,2026-03-07,2026-09-03,2592000.0,ACTIVE
B-GLA01-0703,GLA01,55,2026-03-07,,770000.0,ACTIVE
B-MYK01-0704,MYK01,43,2026-03-07,2027-03-07,709500.0,ACTIVE
B-MYK02-0705,MYK02,60,2026-03-07,2027-03-07,810000.0,ACTIVE
B-TLR01-0706,TLR01,28,2026-03-07,2026-03-21,728000.0,ACTIVE
B-TPG01-0707,TPG01,16,2026-03-07,2027-03-07,168000.0,ACTIVE
B-MIE01-0708,MIE01,194,2026-03-07,2026-11-02,504400.0,ACTIVE
B-MIE02-0709,MIE02,84,2026-03-07,2026-11-02,210000.0,ACTIVE
B-MIE03-0710,MIE03,86,2026-03-07,2026-11-02,215000.0,ACTIVE
B-MNM01-0711,MNM01,108,2026-03-07,2027-03-07,324000.0,ACTIVE
B-MNM02-0712,MNM02,56,2026-03-07,2026-09-03,173600.0,ACTIVE
B-MNM03-0713,MNM03,85,2026-03-07,2027-03-07,102000.0,ACTIVE
B-MNM04-0714,MNM04,72,2026-03-07,2027-03-07,216000.0,ACTIVE
B-RKK01-0715,RKK01,64,2026-03-07,,2016000.0,ACTIVE
B-RKK02-0716,RKK02,67,2026-03-07,,1541000.0,ACTIVE
B-SNK01-0717,SNK01,26,2026-03-07,2026-07-05,176800.0,ACTIVE
B-SNK02-0718,SNK02,21,2026-03-07,2026-09-03,157500.0,ACTIVE
B-SNK03-0719,SNK03,31,2026-03-07,2026-09-03,161200.0,ACTIVE
B-BMB01-0720,BMB01,46,2026-03-07,2027-03-07,207000.0,ACTIVE
B-KRT01-0721,KRT01,25,2026-03-07,,412500.0,ACTIVE
B-KRT02-0722,KRT02,26,2026-03-07,,312000.0,ACTIVE
B-ROTI01-0723,ROTI01,23,2026-03-07,2026-03-12,299000.0,ACTIVE
B-ROTI02-0724,ROTI02,44,2026-03-07,2026-04-06,242000.0,ACTIVE
B-GAS01-0725,GAS01,16,2026-03-07,,296000.0,ACTIVE
B-BRS01-0726,BRS01,33,2026-03-14,2026-09-10,2046000.0,ACTIVE
B-BRS02-0727,BRS02,35,2026-03-14,2026-09-10,1890000.0,ACTIVE
B-GLA01-0728,GLA01,69,2026-03-14,,966000.0,ACTIVE
B-MYK01-0729,MYK01,41,2026-03-14,2027-03-14,676500.0,ACTIVE
B-MYK02-0730,MYK02,55,2026-03-14,2027-03-14,742500.0,ACTIVE
B-TLR01-0731,TLR01,36,2026-03-14,2026-03-28,936000.0,ACTIVE
B-TPG01-0732,TPG01,23,2026-03-14,2027-03-14,241500.0,ACTIVE
B-MIE01-0733,MIE01,205,2026-03-14,2026-11-09,533000.0,ACTIVE
B-MIE02-0734,MIE02,100,2026-03-14,2026-11-09,250000.0,ACTIVE
B-MIE03-0735,MIE03,72,2026-03-14,2026-11-09,180000.0,ACTIVE
B-MNM01-0736,MNM01,118,2026-03-14,2027-03-14,354000.0,ACTIVE
B-MNM02-0737,MNM02,66,2026-03-14,2026-09-10,204600.0,ACTIVE
B-MNM03-0738,MNM03,89,2026-03-14,2027-03-14,106800.0,ACTIVE
B-MNM04-0739,MNM04,73,2026-03-14,2027-03-14,219000.0,ACTIVE
B-RKK01-0740,RKK01,66,2026-03-14,,2079000.0,ACTIVE
B-RKK02-0741,RKK02,60,2026-03-14,,1380000.0,ACTIVE
B-SNK01-0742,SNK01,38,2026-03-14,2026-07-12,258400.0,ACTIVE
B-SNK02-0743,SNK02,20,2026-03-14,2026-09-10,150000.0,ACTIVE
B-SNK03-0744,SNK03,30,2026-03-14,2026-09-10,156000.0,ACTIVE
B-BMB01-0745,BMB01,45,2026-03-14,2027-03-14,202500.0,ACTIVE
B-KRT01-0746,KRT01,25,2026-03-14,,412500.0,ACTIVE
B-KRT02-0747,KRT02,31,2026-03-14,,372000.0,ACTIVE
B-ROTI01-0748,ROTI01,18,2026-03-14,2026-03-19,234000.0,ACTIVE
B-ROTI02-0749,ROTI02,31,2026-03-14,2026-04-13,170500.0,ACTIVE
B-GAS01-0750,GAS01,19,2026-03-14,,351500.0,ACTIVE
B-BRS01-0751,BRS01,20,2026-03-21,2026-09-17,1240000.0,ACTIVE
B-BRS02-0752,BRS02,45,2026-03-21,2026-09-17,2430000.0,ACTIVE
B-GLA01-0753,GLA01,53,2026-03-21,,742000.0,ACTIVE
B-MYK01-0754,MYK01,50,2026-03-21,2027-03-21,825000.0,ACTIVE
B-MYK02-0755,MYK02,50,2026-03-21,2027-03-21,675000.0,ACTIVE
B-TLR01-0756,TLR01,37,2026-03-21,2026-04-04,962000.0,ACTIVE
B-TPG01-0757,TPG01,19,2026-03-21,2027-03-21,199500.0,ACTIVE
B-MIE01-0758,MIE01,175,2026-03-21,2026-11-16,455000.0,ACTIVE
B-MIE02-0759,MIE02,131,2026-03-21,2026-11-16,327500.0,ACTIVE
B-MIE03-0760,MIE03,77,2026-03-21,2026-11-16,192500.0,ACTIVE
B-MNM01-0761,MNM01,146,2026-03-21,2027-03-21,438000.0,ACTIVE
B-MNM02-0762,MNM02,94,2026-03-21,2026-09-17,291400.0,ACTIVE
B-MNM03-0763,MNM03,117,2026-03-21,2027-03-21,140400.0,ACTIVE
B-MNM04-0764,MNM04,79,2026-03-21,2027-03-21,237000.0,ACTIVE
B-RKK01-0765,RKK01,101,2026-03-21,,3181500.0,ACTIVE
B-RKK02-0766,RKK02,58,2026-03-21,,1334000.0,ACTIVE
B-SNK01-0767,SNK01,31,2026-03-21,2026-07-19,210800.0,ACTIVE
B-SNK02-0768,SNK02,17,2026-03-21,2026-09-17,127500.0,ACTIVE
B-SNK03-0769,SNK03,26,2026-03-21,2026-09-17,135200.0,ACTIVE
B-BMB01-0770,BMB01,37,2026-03-21,2027-03-21,166500.0,ACTIVE
B-KRT01-0771,KRT01,26,2026-03-21,,429000.0,ACTIVE
B-KRT02-0772,KRT02,21,2026-03-21,,252000.0,ACTIVE
B-ROTI01-0773,ROTI01,24,2026-03-21,2026-03-26,312000.0,ACTIVE
B-ROTI02-0774,ROTI02,46,2026-03-21,2026-04-20,253000.0,ACTIVE
B-GAS01-0775,GAS01,18,2026-03-21,,333000.0,ACTIVE
B-BRS01-0776,BRS01,23,2026-03-28,2026-09-24,1426000.0,ACTIVE
B-BRS02-0777,BRS02,42,2026-03-28,2026-09-24,2268000.0,ACTIVE
B-GLA01-0778,GLA01,46,2026-03-28,,644000.0,ACTIVE
B-MYK01-0779,MYK01,33,2026-03-28,2027-03-28,544500.0,ACTIVE
B-MYK02-0780,MYK02,39,2026-03-28,2027-03-28,526500.0,ACTIVE
B-TLR01-0781,TLR01,30,2026-03-28,2026-04-11,780000.0,ACTIVE
B-TPG01-0782,TPG01,24,2026-03-28,2027-03-28,252000.0,ACTIVE
B-MIE01-0783,MIE01,178,2026-03-28,2026-11-23,462800.0,ACTIVE
B-MIE02-0784,MIE02,134,2026-03-28,2026-11-23,335000.0,ACTIVE
B-MIE03-0785,MIE03,67,2026-03-28,2026-11-23,167500.0,ACTIVE
B-MNM01-0786,MNM01,104,2026-03-28,2027-03-28,312000.0,ACTIVE
B-MNM02-0787,MNM02,79,2026-03-28,2026-09-24,244900.0,ACTIVE
B-MNM03-0788,MNM03,127,2026-03-28,2027-03-28,152400.0,ACTIVE
B-MNM04-0789,MNM04,61,2026-03-28,2027-03-28,183000.0,ACTIVE
B-RKK01-0790,RKK01,90,2026-03-28,,2835000.0,ACTIVE
B-RKK02-0791,RKK02,65,2026-03-28,,1495000.0,ACTIVE
B-SNK01-0792,SNK01,39,2026-03-28,2026-07-26,265200.0,ACTIVE
B-SNK02-0793,SNK02,17,2026-03-28,2026-09-24,127500.0,ACTIVE
B-SNK03-0794,SNK03,34,2026-03-28,2026-09-24,176800.0,ACTIVE
B-BMB01-0795,BMB01,52,2026-03-28,2027-03-28,234000.0,ACTIVE
B-KRT01-0796,KRT01,21,2026-03-28,,346500.0,ACTIVE
B-KRT02-0797,KRT02,26,2026-03-28,,312000.0,ACTIVE
B-ROTI01-0798,ROTI01,20,2026-03-28,2026-04-02,260000.0,ACTIVE
B-ROTI02-0799,ROTI02,36,2026-03-28,2026-04-27,198000.0,ACTIVE
B-GAS01-0800,GAS01,13,2026-03-28,,240500.0,ACTIVE
B-BRS01-0801,BRS01,21,2026-04-07,2026-10-04,1302000.0,ACTIVE
B-BRS02-0802,BRS02,37,2026-04-07,2026-10-04,1998000.0,ACTIVE
B-GLA01-0803,GLA01,45,2026-04-07,,630000.0,ACTIVE
B-MYK01-0804,MYK01,50,2026-04-07,2027-04-07,825000.0,ACTIVE
B-MYK02-0805,MYK02,38,2026-04-07,2027-04-07,513000.0,ACTIVE
B-TLR01-0806,TLR01,26,2026-04-07,2026-04-21,676000.0,ACTIVE
B-TPG01-0807,TPG01,16,2026-04-07,2027-04-07,168000.0,ACTIVE
B-MIE01-0808,MIE01,190,2026-04-07,2026-12-03,494000.0,ACTIVE
B-MIE02-0809,MIE02,127,2026-04-07,2026-12-03,317500.0,ACTIVE
B-MIE03-0810,MIE03,90,2026-04-07,2026-12-03,225000.0,ACTIVE
B-MNM01-0811,MNM01,161,2026-04-07,2027-04-07,483000.0,ACTIVE
B-MNM02-0812,MNM02,60,2026-04-07,2026-10-04,186000.0,ACTIVE
B-MNM03-0813,MNM03,133,2026-04-07,2027-04-07,159600.0,ACTIVE
B-MNM04-0814,MNM04,64,2026-04-07,2027-04-07,192000.0,ACTIVE
B-RKK01-0815,RKK01,94,2026-04-07,,2961000.0,ACTIVE
B-RKK02-0816,RKK02,59,2026-04-07,,1357000.0,ACTIVE
B-SNK01-0817,SNK01,35,2026-04-07,2026-08-05,238000.0,ACTIVE
B-SNK02-0818,SNK02,21,2026-04-07,2026-10-04,157500.0,ACTIVE
B-SNK03-0819,SNK03,32,2026-04-07,2026-10-04,166400.0,ACTIVE
B-BMB01-0820,BMB01,33,2026-04-07,2027-04-07,148500.0,ACTIVE
B-KRT01-0821,KRT01,27,2026-04-07,,445500.0,ACTIVE
B-KRT02-0822,KRT02,30,2026-04-07,,360000.0,ACTIVE
B-ROTI01-0823,ROTI01,25,2026-04-07,2026-04-12,325000.0,ACTIVE
B-ROTI02-0824,ROTI02,41,2026-04-07,2026-05-07,225500.0,ACTIVE
B-GAS01-0825,GAS01,12,2026-04-07,,222000.0,ACTIVE
B-BRS01-0826,BRS01,31,2026-04-14,2026-10-11,1922000.0,ACTIVE
B-BRS02-0827,BRS02,43,2026-04-14,2026-10-11,2322000.0,ACTIVE
B-GLA01-0828,GLA01,60,2026-04-14,,840000.0,ACTIVE
B-MYK01-0829,MYK01,52,2026-04-14,2027-04-14,858000.0,ACTIVE
B-MYK02-0830,MYK02,41,2026-04-14,2027-04-14,553500.0,ACTIVE
B-TLR01-0831,TLR01,28,2026-04-14,2026-04-28,728000.0,ACTIVE
B-TPG01-0832,TPG01,25,2026-04-14,2027-04-14,262500.0,ACTIVE
B-MIE01-0833,MIE01,198,2026-04-14,2026-12-10,514800.0,ACTIVE
B-MIE02-0834,MIE02,134,2026-04-14,2026-12-10,335000.0,ACTIVE
B-MIE03-0835,MIE03,73,2026-04-14,2026-12-10,182500.0,ACTIVE
B-MNM01-0836,MNM01,96,2026-04-14,2027-04-14,288000.0,ACTIVE
B-MNM02-0837,MNM02,89,2026-04-14,2026-10-11,275900.0,ACTIVE
B-MNM03-0838,MNM03,135,2026-04-14,2027-04-14,162000.0,ACTIVE
B-MNM04-0839,MNM04,54,2026-04-14,2027-04-14,162000.0,ACTIVE
B-RKK01-0840,RKK01,108,2026-04-14,,3402000.0,ACTIVE
B-RKK02-0841,RKK02,70,2026-04-14,,1610000.0,ACTIVE
B-SNK01-0842,SNK01,26,2026-04-14,2026-08-12,176800.0,ACTIVE
B-SNK02-0843,SNK02,23,2026-04-14,2026-10-11,172500.0,ACTIVE
B-SNK03-0844,SNK03,23,2026-04-14,2026-10-11,119600.0,ACTIVE
B-BMB01-0845,BMB01,42,2026-04-14,2027-04-14,189000.0,ACTIVE
B-KRT01-0846,KRT01,20,2026-04-14,,330000.0,ACTIVE
B-KRT02-0847,KRT02,21,2026-04-14,,252000.0,ACTIVE
B-ROTI01-0848,ROTI01,18,2026-04-14,2026-04-19,234000.0,ACTIVE
B-ROTI02-0849,ROTI02,29,2026-04-14,2026-05-14,159500.0,ACTIVE
B-GAS01-0850,GAS01,18,2026-04-14,,333000.0,ACTIVE
B-BRS01-0851,BRS01,20,2026-04-21,2026-10-18,1240000.0,ACTIVE
B-BRS02-0852,BRS02,35,2026-04-21,2026-10-18,1890000.0,ACTIVE
B-GLA01-0853,GLA01,45,2026-04-21,,630000.0,ACTIVE
B-MYK01-0854,MYK01,39,2026-04-21,2027-04-21,643500.0,ACTIVE
B-MYK02-0855,MYK02,42,2026-04-21,2027-04-21,567000.0,ACTIVE
B-TLR01-0856,TLR01,26,2026-04-21,2026-05-05,676000.0,ACTIVE
B-TPG01-0857,TPG01,18,2026-04-21,2027-04-21,189000.0,ACTIVE
B-MIE01-0858,MIE01,184,2026-04-21,2026-12-17,478400.0,ACTIVE
B-MIE02-0859,MIE02,137,2026-04-21,2026-12-17,342500.0,ACTIVE
B-MIE03-0860,MIE03,105,2026-04-21,2026-12-17,262500.0,ACTIVE
B-MNM01-0861,MNM01,155,2026-04-21,2027-04-21,465000.0,ACTIVE
B-MNM02-0862,MNM02,90,2026-04-21,2026-10-18,279000.0,ACTIVE
B-MNM03-0863,MNM03,138,2026-04-21,2027-04-21,165600.0,ACTIVE
B-MNM04-0864,MNM04,78,2026-04-21,2027-04-21,234000.0,ACTIVE
B-RKK01-0865,RKK01,77,2026-04-21,,2425500.0,ACTIVE
B-RKK02-0866,RKK02,83,2026-04-21,,1909000.0,ACTIVE
B-SNK01-0867,SNK01,32,2026-04-21,2026-08-19,217600.0,ACTIVE
B-SNK02-0868,SNK02,19,2026-04-21,2026-10-18,142500.0,ACTIVE
B-SNK03-0869,SNK03,23,2026-04-21,2026-10-18,119600.0,ACTIVE
B-BMB01-0870,BMB01,51,2026-04-21,2027-04-21,229500.0,ACTIVE
B-KRT01-0871,KRT01,16,2026-04-21,,264000.0,ACTIVE
B-KRT02-0872,KRT02,27,2026-04-21,,324000.0,ACTIVE
B-ROTI01-0873,ROTI01,27,2026-04-21,2026-04-26,351000.0,ACTIVE
B-ROTI02-0874,ROTI02,41,2026-04-21,2026-05-21,225500.0,ACTIVE
B-GAS01-0875,GAS01,20,2026-04-21,,370000.0,ACTIVE
B-BRS01-0876,BRS01,27,2026-04-28,2026-10-25,1674000.0,ACTIVE
B-BRS02-0877,BRS02,39,2026-04-28,2026-10-25,2106000.0,ACTIVE
B-GLA01-0878,GLA01,61,2026-04-28,,854000.0,ACTIVE
B-MYK01-0879,MYK01,55,2026-04-28,2027-04-28,907500.0,ACTIVE
B-MYK02-0880,MYK02,58,2026-04-28,2027-04-28,783000.0,ACTIVE
B-TLR01-0881,TLR01,25,2026-04-28,2026-05-12,650000.0,ACTIVE
B-TPG01-0882,TPG01,15,2026-04-28,2027-04-28,157500.0,ACTIVE
B-MIE01-0883,MIE01,173,2026-04-28,2026-12-24,449800.0,ACTIVE
B-MIE02-0884,MIE02,113,2026-04-28,2026-12-24,282500.0,ACTIVE
B-MIE03-0885,MIE03,66,2026-04-28,2026-12-24,165000.0,ACTIVE
B-MNM01-0886,MNM01,113,2026-04-28,2027-04-28,339000.0,ACTIVE
B-MNM02-0887,MNM02,88,2026-04-28,2026-10-25,272800.0,ACTIVE
B-MNM03-0888,MNM03,138,2026-04-28,2027-04-28,165600.0,ACTIVE
B-MNM04-0889,MNM04,60,2026-04-28,2027-04-28,180000.0,ACTIVE
B-RKK01-0890,RKK01,72,2026-04-28,,2268000.0,ACTIVE
B-RKK02-0891,RKK02,62,2026-04-28,,1426000.0,ACTIVE
B-SNK01-0892,SNK01,38,2026-04-28,2026-08-26,258400.0,ACTIVE
B-SNK02-0893,SNK02,22,2026-04-28,2026-10-25,165000.0,ACTIVE
B-SNK03-0894,SNK03,28,2026-04-28,2026-10-25,145600.0,ACTIVE
B-BMB01-0895,BMB01,38,2026-04-28,2027-04-28,171000.0,ACTIVE
B-KRT01-0896,KRT01,23,2026-04-28,,379500.0,ACTIVE
B-KRT02-0897,KRT02,20,2026-04-28,,240000.0,ACTIVE
B-ROTI01-0898,ROTI01,16,2026-04-28,2026-05-03,208000.0,ACTIVE
B-ROTI02-0899,ROTI02,44,2026-04-28,2026-05-28,242000.0,ACTIVE
B-GAS01-0900,GAS01,17,2026-04-28,,314500.0,ACTIVE
B-BRS01-0901,BRS01,33,2026-05-07,2026-11-03,2046000.0,ACTIVE
B-BRS02-0902,BRS02,38,2026-05-07,2026-11-03,2052000.0,ACTIVE
B-GLA01-0903,GLA01,40,2026-05-07,,560000.0,ACTIVE
B-MYK01-0904,MYK01,49,2026-05-07,2027-05-07,808500.0,ACTIVE
B-MYK02-0905,MYK02,61,2026-05-07,2027-05-07,823500.0,ACTIVE
B-TLR01-0906,TLR01,33,2026-05-07,2026-05-21,858000.0,ACTIVE
B-TPG01-0907,TPG01,18,2026-05-07,2027-05-07,189000.0,ACTIVE
B-MIE01-0908,MIE01,166,2026-05-07,2027-01-02,431600.0,ACTIVE
B-MIE02-0909,MIE02,93,2026-05-07,2027-01-02,232500.0,ACTIVE
B-MIE03-0910,MIE03,105,2026-05-07,2027-01-02,262500.0,ACTIVE
B-MNM01-0911,MNM01,137,2026-05-07,2027-05-07,411000.0,ACTIVE
B-MNM02-0912,MNM02,86,2026-05-07,2026-11-03,266600.0,ACTIVE
B-MNM03-0913,MNM03,129,2026-05-07,2027-05-07,154800.0,ACTIVE
B-MNM04-0914,MNM04,69,2026-05-07,2027-05-07,207000.0,ACTIVE
B-RKK01-0915,RKK01,70,2026-05-07,,2205000.0,ACTIVE
B-RKK02-0916,RKK02,61,2026-05-07,,1403000.0,ACTIVE
B-SNK01-0917,SNK01,34,2026-05-07,2026-09-04,231200.0,ACTIVE
B-SNK02-0918,SNK02,24,2026-05-07,2026-11-03,180000.0,ACTIVE
B-SNK03-0919,SNK03,24,2026-05-07,2026-11-03,124800.0,ACTIVE
B-BMB01-0920,BMB01,42,2026-05-07,2027-05-07,189000.0,ACTIVE
B-KRT01-0921,KRT01,18,2026-05-07,,297000.0,ACTIVE
B-KRT02-0922,KRT02,25,2026-05-07,,300000.0,ACTIVE
B-ROTI01-0923,ROTI01,25,2026-05-07,2026-05-12,325000.0,ACTIVE
B-ROTI02-0924,ROTI02,30,2026-05-07,2026-06-06,165000.0,ACTIVE
B-GAS01-0925,GAS01,14,2026-05-07,,259000.0,ACTIVE
B-BRS01-0926,BRS01,28,2026-05-14,2026-11-10,1736000.0,ACTIVE
B-BRS02-0927,BRS02,34,2026-05-14,2026-11-10,1836000.0,ACTIVE
B-GLA01-0928,GLA01,41,2026-05-14,,574000.0,ACTIVE
B-MYK01-0929,MYK01,32,2026-05-14,2027-05-14,528000.0,ACTIVE
B-MYK02-0930,MYK02,59,2026-05-14,2027-05-14,796500.0,ACTIVE
B-TLR01-0931,TLR01,31,2026-05-14,2026-05-28,806000.0,ACTIVE
B-TPG01-0932,TPG01,22,2026-05-14,2027-05-14,231000.0,ACTIVE
B-MIE01-0933,MIE01,209,2026-05-14,2027-01-09,543400.0,ACTIVE
B-MIE02-0934,MIE02,117,2026-05-14,2027-01-09,292500.0,ACTIVE
B-MIE03-0935,MIE03,102,2026-05-14,2027-01-09,255000.0,ACTIVE
B-MNM01-0936,MNM01,130,2026-05-14,2027-05-14,390000.0,ACTIVE
B-MNM02-0937,MNM02,93,2026-05-14,2026-11-10,288300.0,ACTIVE
B-MNM03-0938,MNM03,83,2026-05-14,2027-05-14,99600.0,ACTIVE
B-MNM04-0939,MNM04,68,2026-05-14,2027-05-14,204000.0,ACTIVE
B-RKK01-0940,RKK01,70,2026-05-14,,2205000.0,ACTIVE
B-RKK02-0941,RKK02,74,2026-05-14,,1702000.0,ACTIVE
B-SNK01-0942,SNK01,28,2026-05-14,2026-09-11,190400.0,ACTIVE
B-SNK02-0943,SNK02,22,2026-05-14,2026-11-10,165000.0,ACTIVE
B-SNK03-0944,SNK03,23,2026-05-14,2026-11-10,119600.0,ACTIVE
B-BMB01-0945,BMB01,45,2026-05-14,2027-05-14,202500.0,ACTIVE
B-KRT01-0946,KRT01,26,2026-05-14,,429000.0,ACTIVE
B-KRT02-0947,KRT02,34,2026-05-14,,408000.0,ACTIVE
B-ROTI01-0948,ROTI01,23,2026-05-14,2026-05-19,299000.0,ACTIVE
B-ROTI02-0949,ROTI02,38,2026-05-14,2026-06-13,209000.0,ACTIVE
B-GAS01-0950,GAS01,13,2026-05-14,,240500.0,ACTIVE
B-BRS01-0951,BRS01,25,2026-05-21,2026-11-17,1550000.0,ACTIVE
B-BRS02-0952,BRS02,39,2026-05-21,2026-11-17,2106000.0,ACTIVE
B-GLA01-0953,GLA01,58,2026-05-21,,812000.0,ACTIVE
B-MYK01-0954,MYK01,41,2026-05-21,2027-05-21,676500.0,ACTIVE
B-MYK02-0955,MYK02,42,2026-05-21,2027-05-21,567000.0,ACTIVE
B-TLR01-0956,TLR01,34,2026-05-21,2026-06-04,884000.0,ACTIVE
B-TPG01-0957,TPG01,21,2026-05-21,2027-05-21,220500.0,ACTIVE
B-MIE01-0958,MIE01,169,2026-05-21,2027-01-16,439400.0,ACTIVE
B-MIE02-0959,MIE02,96,2026-05-21,2027-01-16,240000.0,ACTIVE
B-MIE03-0960,MIE03,105,2026-05-21,2027-01-16,262500.0,ACTIVE
B-MNM01-0961,MNM01,101,2026-05-21,2027-05-21,303000.0,ACTIVE
B-MNM02-0962,MNM02,82,2026-05-21,2026-11-17,254200.0,ACTIVE
B-MNM03-0963,MNM03,80,2026-05-21,2027-05-21,96000.0,ACTIVE
B-MNM04-0964,MNM04,62,2026-05-21,2027-05-21,186000.0,ACTIVE
B-RKK01-0965,RKK01,84,2026-05-21,,2646000.0,ACTIVE
B-RKK02-0966,RKK02,68,2026-05-21,,1564000.0,ACTIVE
B-SNK01-0967,SNK01,28,2026-05-21,2026-09-18,190400.0,ACTIVE
B-SNK02-0968,SNK02,23,2026-05-21,2026-11-17,172500.0,ACTIVE
B-SNK03-0969,SNK03,28,2026-05-21,2026-11-17,145600.0,ACTIVE
B-BMB01-0970,BMB01,39,2026-05-21,2027-05-21,175500.0,ACTIVE
B-KRT01-0971,KRT01,20,2026-05-21,,330000.0,ACTIVE
B-KRT02-0972,KRT02,33,2026-05-21,,396000.0,ACTIVE
B-ROTI01-0973,ROTI01,18,2026-05-21,2026-05-26,234000.0,ACTIVE
B-ROTI02-0974,ROTI02,39,2026-05-21,2026-06-20,214500.0,ACTIVE
B-GAS01-0975,GAS01,16,2026-05-21,,296000.0,ACTIVE
B-BRS01-0976,BRS01,24,2026-05-28,2026-11-24,1488000.0,ACTIVE
B-BRS02-0977,BRS02,36,2026-05-28,2026-11-24,1944000.0,ACTIVE
B-GLA01-0978,GLA01,58,2026-05-28,,812000.0,ACTIVE
B-MYK01-0979,MYK01,52,2026-05-28,2027-05-28,858000.0,ACTIVE
B-MYK02-0980,MYK02,55,2026-05-28,2027-05-28,742500.0,ACTIVE
B-TLR01-0981,TLR01,28,2026-05-28,2026-06-11,728000.0,ACTIVE
B-TPG01-0982,TPG01,21,2026-05-28,2027-05-28,220500.0,ACTIVE
B-MIE01-0983,MIE01,147,2026-05-28,2027-01-23,382200.0,ACTIVE
B-MIE02-0984,MIE02,130,2026-05-28,2027-01-23,325000.0,ACTIVE
B-MIE03-0985,MIE03,76,2026-05-28,2027-01-23,190000.0,ACTIVE
B-MNM01-0986,MNM01,131,2026-05-28,2027-05-28,393000.0,ACTIVE
B-MNM02-0987,MNM02,65,2026-05-28,2026-11-24,201500.0,ACTIVE
B-MNM03-0988,MNM03,116,2026-05-28,2027-05-28,139200.0,ACTIVE
B-MNM04-0989,MNM04,79,2026-05-28,2027-05-28,237000.0,ACTIVE
B-RKK01-0990,RKK01,111,2026-05-28,,3496500.0,ACTIVE
B-RKK02-0991,RKK02,64,2026-05-28,,1472000.0,ACTIVE
B-SNK01-0992,SNK01,39,2026-05-28,2026-09-25,265200.0,ACTIVE
B-SNK02-0993,SNK02,19,2026-05-28,2026-11-24,142500.0,ACTIVE
B-SNK03-0994,SNK03,24,2026-05-28,2026-11-24,124800.0,ACTIVE
B-BMB01-0995,BMB01,44,2026-05-28,2027-05-28,198000.0,ACTIVE
B-KRT01-0996,KRT01,21,2026-05-28,,346500.0,ACTIVE
B-KRT02-0997,KRT02,20,2026-05-28,,240000.0,ACTIVE
B-ROTI01-0998,ROTI01,21,2026-05-28,2026-06-02,273000.0,ACTIVE
B-ROTI02-0999,ROTI02,33,2026-05-28,2026-06-27,181500.0,ACTIVE
B-GAS01-1000,GAS01,15,2026-05-28,,277500.0,ACTIVE
B-BRS01-1001,BRS01,25,2026-06-07,2026-12-04,1550000.0,ACTIVE
B-BRS02-1002,BRS02,37,2026-06-07,2026-12-04,1998000.0,ACTIVE
B-GLA01-1003,GLA01,63,2026-06-07,,882000.0,ACTIVE
B-MYK01-1004,MYK01,36,2026-06-07,2027-06-07,594000.0,ACTIVE
B-MYK02-1005,MYK02,50,2026-06-07,2027-06-07,675000.0,ACTIVE
B-TLR01-1006,TLR01,31,2026-06-07,2026-06-21,806000.0,ACTIVE
B-TPG01-1007,TPG01,17,2026-06-07,2027-06-07,178500.0,ACTIVE
B-MIE01-1008,MIE01,133,2026-06-07,2027-02-02,345800.0,ACTIVE
B-MIE02-1009,MIE02,135,2026-06-07,2027-02-02,337500.0,ACTIVE
B-MIE03-1010,MIE03,75,2026-06-07,2027-02-02,187500.0,ACTIVE
B-MNM01-1011,MNM01,111,2026-06-07,2027-06-07,333000.0,ACTIVE
B-MNM02-1012,MNM02,96,2026-06-07,2026-12-04,297600.0,ACTIVE
B-MNM03-1013,MNM03,139,2026-06-07,2027-06-07,166800.0,ACTIVE
B-MNM04-1014,MNM04,77,2026-06-07,2027-06-07,231000.0,ACTIVE
B-RKK01-1015,RKK01,108,2026-06-07,,3402000.0,ACTIVE
B-RKK02-1016,RKK02,49,2026-06-07,,1127000.0,ACTIVE
B-SNK01-1017,SNK01,32,2026-06-07,2026-10-05,217600.0,ACTIVE
B-SNK02-1018,SNK02,23,2026-06-07,2026-12-04,172500.0,ACTIVE
B-SNK03-1019,SNK03,34,2026-06-07,2026-12-04,176800.0,ACTIVE
B-BMB01-1020,BMB01,51,2026-06-07,2027-06-07,229500.0,ACTIVE
B-KRT01-1021,KRT01,23,2026-06-07,,379500.0,ACTIVE
B-KRT02-1022,KRT02,33,2026-06-07,,396000.0,ACTIVE
B-ROTI01-1023,ROTI01,17,2026-06-07,2026-06-12,221000.0,ACTIVE
B-ROTI02-1024,ROTI02,47,2026-06-07,2026-07-07,258500.0,ACTIVE
B-GAS01-1025,GAS01,15,2026-06-07,,277500.0,ACTIVE
B-BRS01-1026,BRS01,34,2026-06-14,2026-12-11,2108000.0,ACTIVE
B-BRS02-1027,BRS02,28,2026-06-14,2026-12-11,1512000.0,ACTIVE
B-GLA01-1028,GLA01,61,2026-06-14,,854000.0,ACTIVE
B-MYK01-1029,MYK01,53,2026-06-14,2027-06-14,874500.0,ACTIVE
B-MYK02-1030,MYK02,51,2026-06-14,2027-06-14,688500.0,ACTIVE
B-TLR01-1031,TLR01,28,2026-06-14,2026-06-28,728000.0,ACTIVE
B-TPG01-1032,TPG01,24,2026-06-14,2027-06-14,252000.0,ACTIVE
B-MIE01-1033,MIE01,178,2026-06-14,2027-02-09,462800.0,ACTIVE
B-MIE02-1034,MIE02,120,2026-06-14,2027-02-09,300000.0,ACTIVE
B-MIE03-1035,MIE03,83,2026-06-14,2027-02-09,207500.0,ACTIVE
B-MNM01-1036,MNM01,159,2026-06-14,2027-06-14,477000.0,ACTIVE
B-MNM02-1037,MNM02,84,2026-06-14,2026-12-11,260400.0,ACTIVE
B-MNM03-1038,MNM03,83,2026-06-14,2027-06-14,99600.0,ACTIVE
B-MNM04-1039,MNM04,79,2026-06-14,2027-06-14,237000.0,ACTIVE
B-RKK01-1040,RKK01,94,2026-06-14,,2961000.0,ACTIVE
B-RKK02-1041,RKK02,78,2026-06-14,,1794000.0,ACTIVE
B-SNK01-1042,SNK01,38,2026-06-14,2026-10-12,258400.0,ACTIVE
B-SNK02-1043,SNK02,22,2026-06-14,2026-12-11,165000.0,ACTIVE
B-SNK03-1044,SNK03,34,2026-06-14,2026-12-11,176800.0,ACTIVE
B-BMB01-1045,BMB01,45,2026-06-14,2027-06-14,202500.0,ACTIVE
B-KRT01-1046,KRT01,22,2026-06-14,,363000.0,ACTIVE
B-KRT02-1047,KRT02,32,2026-06-14,,384000.0,ACTIVE
B-ROTI01-1048,ROTI01,19,2026-06-14,2026-06-19,247000.0,ACTIVE
B-ROTI02-1049,ROTI02,30,2026-06-14,2026-07-14,165000.0,ACTIVE
B-GAS01-1050,GAS01,20,2026-06-14,,370000.0,ACTIVE
B-BRS01-1051,BRS01,23,2026-06-21,2026-12-18,1426000.0,ACTIVE
B-BRS02-1052,BRS02,46,2026-06-21,2026-12-18,2484000.0,ACTIVE
B-GLA01-1053,GLA01,61,2026-06-21,,854000.0,ACTIVE
B-MYK01-1054,MYK01,51,2026-06-21,2027-06-21,841500.0,ACTIVE
B-MYK02-1055,MYK02,57,2026-06-21,2027-06-21,769500.0,ACTIVE
B-TLR01-1056,TLR01,35,2026-06-21,2026-07-05,910000.0,ACTIVE
B-TPG01-1057,TPG01,24,2026-06-21,2027-06-21,252000.0,ACTIVE
B-MIE01-1058,MIE01,203,2026-06-21,2027-02-16,527800.0,ACTIVE
B-MIE02-1059,MIE02,135,2026-06-21,2027-02-16,337500.0,ACTIVE
B-MIE03-1060,MIE03,67,2026-06-21,2027-02-16,167500.0,ACTIVE
B-MNM01-1061,MNM01,141,2026-06-21,2027-06-21,423000.0,ACTIVE
B-MNM02-1062,MNM02,83,2026-06-21,2026-12-18,257300.0,ACTIVE
B-MNM03-1063,MNM03,130,2026-06-21,2027-06-21,156000.0,ACTIVE
B-MNM04-1064,MNM04,62,2026-06-21,2027-06-21,186000.0,ACTIVE
B-RKK01-1065,RKK01,69,2026-06-21,,2173500.0,ACTIVE
B-RKK02-1066,RKK02,67,2026-06-21,,1541000.0,ACTIVE
B-SNK01-1067,SNK01,36,2026-06-21,2026-10-19,244800.0,ACTIVE
B-SNK02-1068,SNK02,22,2026-06-21,2026-12-18,165000.0,ACTIVE
B-SNK03-1069,SNK03,33,2026-06-21,2026-12-18,171600.0,ACTIVE
B-BMB01-1070,BMB01,33,2026-06-21,2027-06-21,148500.0,ACTIVE
B-KRT01-1071,KRT01,23,2026-06-21,,379500.0,ACTIVE
B-KRT02-1072,KRT02,30,2026-06-21,,360000.0,ACTIVE
B-ROTI01-1073,ROTI01,21,2026-06-21,2026-06-26,273000.0,ACTIVE
B-ROTI02-1074,ROTI02,32,2026-06-21,2026-07-21,176000.0,ACTIVE
B-GAS01-1075,GAS01,19,2026-06-21,,351500.0,ACTIVE
B-BRS01-1076,BRS01,30,2026-06-28,2026-12-25,1860000.0,ACTIVE
B-BRS02-1077,BRS02,48,2026-06-28,2026-12-25,2592000.0,ACTIVE
B-GLA01-1078,GLA01,40,2026-06-28,,560000.0,ACTIVE
B-MYK01-1079,MYK01,51,2026-06-28,2027-06-28,841500.0,ACTIVE
B-MYK02-1080,MYK02,41,2026-06-28,2027-06-28,553500.0,ACTIVE
B-TLR01-1081,TLR01,33,2026-06-28,2026-07-12,858000.0,ACTIVE
B-TPG01-1082,TPG01,22,2026-06-28,2027-06-28,231000.0,ACTIVE
B-MIE01-1083,MIE01,174,2026-06-28,2027-02-23,452400.0,ACTIVE
B-MIE02-1084,MIE02,118,2026-06-28,2027-02-23,295000.0,ACTIVE
B-MIE03-1085,MIE03,95,2026-06-28,2027-02-23,237500.0,ACTIVE
B-MNM01-1086,MNM01,139,2026-06-28,2027-06-28,417000.0,ACTIVE
B-MNM02-1087,MNM02,91,2026-06-28,2026-12-25,282100.0,ACTIVE
B-MNM03-1088,MNM03,87,2026-06-28,2027-06-28,104400.0,ACTIVE
B-MNM04-1089,MNM04,72,2026-06-28,2027-06-28,216000.0,ACTIVE
B-RKK01-1090,RKK01,77,2026-06-28,,2425500.0,ACTIVE
B-RKK02-1091,RKK02,70,2026-06-28,,1610000.0,ACTIVE
B-SNK01-1092,SNK01,39,2026-06-28,2026-10-26,265200.0,ACTIVE
B-SNK02-1093,SNK02,24,2026-06-28,2026-12-25,180000.0,ACTIVE
B-SNK03-1094,SNK03,27,2026-06-28,2026-12-25,140400.0,ACTIVE
B-BMB01-1095,BMB01,46,2026-06-28,2027-06-28,207000.0,ACTIVE
B-KRT01-1096,KRT01,18,2026-06-28,,297000.0,ACTIVE
B-KRT02-1097,KRT02,25,2026-06-28,,300000.0,ACTIVE
B-ROTI01-1098,ROTI01,16,2026-06-28,2026-07-03,208000.0,ACTIVE
B-ROTI02-1099,ROTI02,43,2026-06-28,2026-07-28,236500.0,ACTIVE
B-GAS01-1100,GAS01,18,2026-06-28,,333000.0,ACTIVE
B-BRS01-1101,BRS01,31,2026-07-07,2027-01-03,1922000.0,ACTIVE
B-BRS02-1102,BRS02,36,2026-07-07,2027-01-03,1944000.0,ACTIVE
B-GLA01-1103,GLA01,48,2026-07-07,,672000.0,ACTIVE
B-MYK01-1104,MYK01,51,2026-07-07,2027-07-07,841500.0,ACTIVE
B-MYK02-1105,MYK02,60,2026-07-07,2027-07-07,810000.0,ACTIVE
B-TLR01-1106,TLR01,28,2026-07-07,2026-07-21,728000.0,ACTIVE
B-TPG01-1107,TPG01,23,2026-07-07,2027-07-07,241500.0,ACTIVE
B-MIE01-1108,MIE01,128,2026-07-07,2027-03-04,332800.0,ACTIVE
B-MIE02-1109,MIE02,124,2026-07-07,2027-03-04,310000.0,ACTIVE
B-MIE03-1110,MIE03,107,2026-07-07,2027-03-04,267500.0,ACTIVE
B-MNM01-1111,MNM01,125,2026-07-07,2027-07-07,375000.0,ACTIVE
B-MNM02-1112,MNM02,85,2026-07-07,2027-01-03,263500.0,ACTIVE
B-MNM03-1113,MNM03,117,2026-07-07,2027-07-07,140400.0,ACTIVE
B-MNM04-1114,MNM04,74,2026-07-07,2027-07-07,222000.0,ACTIVE
B-RKK01-1115,RKK01,102,2026-07-07,,3213000.0,ACTIVE
B-RKK02-1116,RKK02,72,2026-07-07,,1656000.0,ACTIVE
B-SNK01-1117,SNK01,27,2026-07-07,2026-11-04,183600.0,ACTIVE
B-SNK02-1118,SNK02,23,2026-07-07,2027-01-03,172500.0,ACTIVE
B-SNK03-1119,SNK03,25,2026-07-07,2027-01-03,130000.0,ACTIVE
B-BMB01-1120,BMB01,36,2026-07-07,2027-07-07,162000.0,ACTIVE
B-KRT01-1121,KRT01,16,2026-07-07,,264000.0,ACTIVE
B-KRT02-1122,KRT02,34,2026-07-07,,408000.0,ACTIVE
B-ROTI01-1123,ROTI01,22,2026-07-07,2026-07-12,286000.0,ACTIVE
B-ROTI02-1124,ROTI02,40,2026-07-07,2026-08-06,220000.0,ACTIVE
B-GAS01-1125,GAS01,19,2026-07-07,,351500.0,ACTIVE
B-BRS01-1126,BRS01,23,2026-07-14,2027-01-10,1426000.0,ACTIVE
B-BRS02-1127,BRS02,48,2026-07-14,2027-01-10,2592000.0,ACTIVE
B-GLA01-1128,GLA01,63,2026-07-14,,882000.0,ACTIVE
B-MYK01-1129,MYK01,40,2026-07-14,2027-07-14,660000.0,ACTIVE
B-MYK02-1130,MYK02,41,2026-07-14,2027-07-14,553500.0,ACTIVE
B-TLR01-1131,TLR01,33,2026-07-14,2026-07-28,858000.0,ACTIVE
B-TPG01-1132,TPG01,21,2026-07-14,2027-07-14,220500.0,ACTIVE
B-MIE01-1133,MIE01,201,2026-07-14,2027-03-11,522600.0,ACTIVE
B-MIE02-1134,MIE02,90,2026-07-14,2027-03-11,225000.0,ACTIVE
B-MIE03-1135,MIE03,65,2026-07-14,2027-03-11,162500.0,ACTIVE
B-MNM01-1136,MNM01,143,2026-07-14,2027-07-14,429000.0,ACTIVE
B-MNM02-1137,MNM02,84,2026-07-14,2027-01-10,260400.0,ACTIVE
B-MNM03-1138,MNM03,109,2026-07-14,2027-07-14,130800.0,ACTIVE
B-MNM04-1139,MNM04,74,2026-07-14,2027-07-14,222000.0,ACTIVE
B-RKK01-1140,RKK01,71,2026-07-14,,2236500.0,ACTIVE
B-RKK02-1141,RKK02,54,2026-07-14,,1242000.0,ACTIVE
B-SNK01-1142,SNK01,39,2026-07-14,2026-11-11,265200.0,ACTIVE
B-SNK02-1143,SNK02,18,2026-07-14,2027-01-10,135000.0,ACTIVE
B-SNK03-1144,SNK03,30,2026-07-14,2027-01-10,156000.0,ACTIVE
B-BMB01-1145,BMB01,55,2026-07-14,2027-07-14,247500.0,ACTIVE
B-KRT01-1146,KRT01,20,2026-07-14,,330000.0,ACTIVE
B-KRT02-1147,KRT02,25,2026-07-14,,300000.0,ACTIVE
B-ROTI01-1148,ROTI01,21,2026-07-14,2026-07-19,273000.0,ACTIVE
B-ROTI02-1149,ROTI02,37,2026-07-14,2026-08-13,203500.0,ACTIVE
B-GAS01-1150,GAS01,13,2026-07-14,,240500.0,ACTIVE
B-BRS01-1151,BRS01,25,2026-07-21,2027-01-17,1550000.0,ACTIVE
B-BRS02-1152,BRS02,36,2026-07-21,2027-01-17,1944000.0,ACTIVE
B-GLA01-1153,GLA01,55,2026-07-21,,770000.0,ACTIVE
B-MYK01-1154,MYK01,38,2026-07-21,2027-07-21,627000.0,ACTIVE
B-MYK02-1155,MYK02,62,2026-07-21,2027-07-21,837000.0,ACTIVE
B-TLR01-1156,TLR01,24,2026-07-21,2026-08-04,624000.0,ACTIVE
B-TPG01-1157,TPG01,24,2026-07-21,2027-07-21,252000.0,ACTIVE
B-MIE01-1158,MIE01,177,2026-07-21,2027-03-18,460200.0,ACTIVE
B-MIE02-1159,MIE02,94,2026-07-21,2027-03-18,235000.0,ACTIVE
B-MIE03-1160,MIE03,101,2026-07-21,2027-03-18,252500.0,ACTIVE
B-MNM01-1161,MNM01,111,2026-07-21,2027-07-21,333000.0,ACTIVE
B-MNM02-1162,MNM02,66,2026-07-21,2027-01-17,204600.0,ACTIVE
B-MNM03-1163,MNM03,82,2026-07-21,2027-07-21,98400.0,ACTIVE
B-MNM04-1164,MNM04,67,2026-07-21,2027-07-21,201000.0,ACTIVE
B-RKK01-1165,RKK01,108,2026-07-21,,3402000.0,ACTIVE
B-RKK02-1166,RKK02,49,2026-07-21,,1127000.0,ACTIVE
B-SNK01-1167,SNK01,33,2026-07-21,2026-11-18,224400.0,ACTIVE
B-SNK02-1168,SNK02,20,2026-07-21,2027-01-17,150000.0,ACTIVE
B-SNK03-1169,SNK03,29,2026-07-21,2027-01-17,150800.0,ACTIVE
B-BMB01-1170,BMB01,35,2026-07-21,2027-07-21,157500.0,ACTIVE
B-KRT01-1171,KRT01,24,2026-07-21,,396000.0,ACTIVE
B-KRT02-1172,KRT02,29,2026-07-21,,348000.0,ACTIVE
B-ROTI01-1173,ROTI01,20,2026-07-21,2026-07-26,260000.0,ACTIVE
B-ROTI02-1174,ROTI02,45,2026-07-21,2026-08-20,247500.0,ACTIVE
B-GAS01-1175,GAS01,18,2026-07-21,,333000.0,ACTIVE
B-BRS01-1176,BRS01,29,2026-07-28,2027-01-24,1798000.0,ACTIVE
B-BRS02-1177,BRS02,43,2026-07-28,2027-01-24,2322000.0,ACTIVE
B-GLA01-1178,GLA01,52,2026-07-28,,728000.0,ACTIVE
B-MYK01-1179,MYK01,49,2026-07-28,2027-07-28,808500.0,ACTIVE
B-MYK02-1180,MYK02,58,2026-07-28,2027-07-28,783000.0,ACTIVE
B-TLR01-1181,TLR01,35,2026-07-28,2026-08-11,910000.0,ACTIVE
B-TPG01-1182,TPG01,16,2026-07-28,2027-07-28,168000.0,ACTIVE
B-MIE01-1183,MIE01,163,2026-07-28,2027-03-25,423800.0,ACTIVE
B-MIE02-1184,MIE02,133,2026-07-28,2027-03-25,332500.0,ACTIVE
B-MIE03-1185,MIE03,92,2026-07-28,2027-03-25,230000.0,ACTIVE
B-MNM01-1186,MNM01,96,2026-07-28,2027-07-28,288000.0,ACTIVE
B-MNM02-1187,MNM02,75,2026-07-28,2027-01-24,232500.0,ACTIVE
B-MNM03-1188,MNM03,113,2026-07-28,2027-07-28,135600.0,ACTIVE
B-MNM04-1189,MNM04,64,2026-07-28,2027-07-28,192000.0,ACTIVE
B-RKK01-1190,RKK01,94,2026-07-28,,2961000.0,ACTIVE
B-RKK02-1191,RKK02,52,2026-07-28,,1196000.0,ACTIVE
B-SNK01-1192,SNK01,36,2026-07-28,2026-11-25,244800.0,ACTIVE
B-SNK02-1193,SNK02,26,2026-07-28,2027-01-24,195000.0,ACTIVE
B-SNK03-1194,SNK03,26,2026-07-28,2027-01-24,135200.0,ACTIVE
B-BMB01-1195,BMB01,33,2026-07-28,2027-07-28,148500.0,ACTIVE
B-KRT01-1196,KRT01,24,2026-07-28,,396000.0,ACTIVE
B-KRT02-1197,KRT02,20,2026-07-28,,240000.0,ACTIVE
B-ROTI01-1198,ROTI01,24,2026-07-28,2026-08-02,312000.0,ACTIVE
B-ROTI02-1199,ROTI02,28,2026-07-28,2026-08-27,154000.0,ACTIVE
B-GAS01-1200,GAS01,17,2026-07-28,,314500.0,ACTIVE
